_id,month,town,flat_type,block,street_name,storey_range,floor_area_sqm,flat_model,lease_commence_date,remaining_lease,resale_price,address,postal,latitude,longitude
197037,2025-02,ANG MO KIO,3 ROOM,345,ANG MO KIO AVE 3,07 TO 09,78.0,New Generation,1978,52 years 05 months,472888.0,345 ANG MO KIO AVE 3,560345,1.36748702509964,103.849651723914
197038,2025-02,ANG MO KIO,3 ROOM,571,ANG MO KIO AVE 3,04 TO 06,67.0,New Generation,1979,53 years 05 months,450000.0,571 ANG MO KIO AVE 3,560571,1.37005501296043,103.85488055876
197050,2025-02,ANG MO KIO,3 ROOM,629,ANG MO KIO AVE 4,01 TO 03,67.0,New Generation,1981,55 years 09 months,480000.0,629 ANG MO KIO AVE 4,560629,1.38010465081465,103.840408680468
197074,2025-02,ANG MO KIO,4 ROOM,467,ANG MO KIO AVE 10,01 TO 03,92.0,New Generation,1979,53 years 11 months,495000.0,467 ANG MO KIO AVE 10,560467,1.36539106633914,103.856803588706
197115,2025-02,BEDOK,3 ROOM,116,BEDOK NTH RD,04 TO 06,73.0,New Generation,1978,52 years 05 months,450000.0,116 BEDOK NTH RD,460116,1.33100823526591,103.938066838998
197140,2025-02,BEDOK,3 ROOM,608,BEDOK RESERVOIR RD,04 TO 06,67.0,New Generation,1982,56 years 07 months,445000.0,608 BEDOK RESERVOIR RD,470608,1.33184129947186,103.913196235939
197148,2025-02,BEDOK,3 ROOM,29,NEW UPP CHANGI RD,04 TO 06,65.0,Improved,1977,51 years 05 months,390000.0,29 NEW UPP CHANGI RD,464029,1.32395813360222,103.936341250384
197149,2025-02,BEDOK,3 ROOM,57,NEW UPP CHANGI RD,04 TO 06,60.0,Improved,1985,59 years 09 months,425000.0,57 NEW UPP CHANGI RD,461057,1.32424554153984,103.941568704132
197152,2025-02,BEDOK,4 ROOM,95,BEDOK NTH AVE 4,01 TO 03,92.0,New Generation,1979,53 years 06 months,505000.0,95 BEDOK NTH AVE 4,460095,1.33386999449984,103.94205674836
197170,2025-02,BEDOK,4 ROOM,187B,BEDOK NTH ST 4,01 TO 03,93.0,Model A,2018,92 years 11 months,748000.0,187B BEDOK NTH ST 4,462187,1.33038146607469,103.940088401203
197181,2025-02,BEDOK,4 ROOM,765,BEDOK RESERVOIR VIEW,13 TO 15,105.0,Premium Apartment,2000,75 years,835000.0,765 BEDOK RESERVOIR VIEW,470765,1.33596106828604,103.935990113555
197182,2025-02,BEDOK,4 ROOM,772,BEDOK RESERVOIR VIEW,04 TO 06,105.0,Premium Apartment,2000,75 years,690000.0,772 BEDOK RESERVOIR VIEW,470772,1.3364625679398,103.937895451472
197195,2025-02,BEDOK,5 ROOM,97,BEDOK NTH AVE 4,07 TO 09,123.0,Standard,1978,52 years 11 months,700000.0,97 BEDOK NTH AVE 4,460097,1.33296577436017,103.939962571035
197214,2025-02,BEDOK,EXECUTIVE,106,LENGKONG TIGA,01 TO 03,146.0,Maisonette,1989,63 years 04 months,1180000.0,106 LENGKONG TIGA,410106,1.32508845931345,103.91000876961
197218,2025-02,BISHAN,3 ROOM,309,SHUNFU RD,10 TO 12,67.0,New Generation,1984,58 years 10 months,540000.0,309 SHUNFU RD,570309,1.35091296258284,103.837585157698
197234,2025-02,BISHAN,4 ROOM,228,BISHAN ST 23,10 TO 12,113.0,Model A,1992,66 years 04 months,880000.0,228 BISHAN ST 23,570228,1.35794929131792,103.846767675257
197240,2025-02,BISHAN,5 ROOM,442,SIN MING AVE,04 TO 06,120.0,Improved,1990,64 years 02 months,930000.0,442 SIN MING AVE,570442,1.3592357565259,103.832368846087
197247,2025-02,BUKIT BATOK,2 ROOM,451A,BT BATOK WEST AVE 6,13 TO 15,47.0,Model A,2019,93 years 03 months,368000.0,451A BT BATOK WEST AVE 6,651451,1.35304899382254,103.742932562787
197254,2025-02,BUKIT BATOK,2 ROOM,460A,BT BATOK WEST AVE 9,13 TO 15,48.0,2-room,2020,94 years 04 months,400000.0,460A BT BATOK WEST AVE 9,651460,1.35426046045608,103.739309747692
197281,2025-02,BUKIT BATOK,3 ROOM,450A,BT BATOK WEST AVE 6,01 TO 03,67.0,Model A,2019,93 years 03 months,475000.0,450A BT BATOK WEST AVE 6,651450,1.35279091158198,103.744536033565
197314,2025-02,BUKIT BATOK,4 ROOM,437A,BT BATOK WEST AVE 5,10 TO 12,93.0,Model A,2020,94 years 02 months,675000.0,437A BT BATOK WEST AVE 5,651437,1.35817033364294,103.739219664469
197338,2025-02,BUKIT BATOK,4 ROOM,165,BT BATOK WEST AVE 8,07 TO 09,104.0,Model A,1984,58 years 10 months,553888.0,165 BT BATOK WEST AVE 8,650165,1.34731985631578,103.741974986591
197350,2025-02,BUKIT BATOK,5 ROOM,296C,BT BATOK ST 22,22 TO 24,115.0,Premium Apartment,2018,92 years 03 months,992000.0,296C BT BATOK ST 22,653296,1.34369796674692,103.748158134407
197377,2025-02,BUKIT MERAH,1 ROOM,7,TELOK BLANGAH CRES,07 TO 09,31.0,Improved,1975,49 years 03 months,260000.0,7 TELOK BLANGAH CRES,90007,1.27836137310785,103.819384010497
197384,2025-02,BUKIT MERAH,3 ROOM,40,BEO CRES,07 TO 09,59.0,Standard,1971,45 years 01 month,410000.0,40 BEO CRES,160040,1.28905634657056,103.827502108439
197402,2025-02,BUKIT MERAH,3 ROOM,127A,KIM TIAN RD,22 TO 24,62.0,Model A,2013,87 years 02 months,735000.0,127A KIM TIAN RD,161127,1.28196243466081,103.829559141133
197406,2025-02,BUKIT MERAH,3 ROOM,12,TELOK BLANGAH CRES,10 TO 12,59.0,Improved,1975,49 years 04 months,370000.0,12 TELOK BLANGAH CRES,90012,1.27718546024846,103.819516181006
197420,2025-02,BUKIT MERAH,4 ROOM,120,BT MERAH VIEW,01 TO 03,88.0,Improved,1973,47 years 01 month,505000.0,120 BT MERAH VIEW,152120,1.28277443239482,103.822612454246
197424,2025-02,BUKIT MERAH,4 ROOM,110,BT PURMEI RD,04 TO 06,104.0,Model A,1984,58 years 09 months,688888.0,110 BT PURMEI RD,90110,1.27380415706758,103.827057699596
197443,2025-02,BUKIT MERAH,4 ROOM,26C,JLN MEMBINA,13 TO 15,90.0,Model A,2009,83 years 01 month,968000.0,26C JLN MEMBINA,166026,1.28275797395281,103.825205576961
197446,2025-02,BUKIT MERAH,4 ROOM,126A,KIM TIAN RD,34 TO 36,93.0,Model A,2013,87 years 02 months,1010000.0,126A KIM TIAN RD,161126,1.28285654819351,103.829496414106
197458,2025-02,BUKIT MERAH,4 ROOM,80C,TELOK BLANGAH ST 31,34 TO 36,93.0,Premium Apartment,2013,87 years 08 months,1090000.0,80C TELOK BLANGAH ST 31,103080,1.27349435644809,103.807229362471
197473,2025-02,BUKIT MERAH,5 ROOM,48,TELOK BLANGAH DR,19 TO 21,123.0,Standard,1976,50 years 11 months,860000.0,48 TELOK BLANGAH DR,100048,1.27234669758392,103.810554542558
197491,2025-02,BUKIT PANJANG,4 ROOM,243,BT PANJANG RING RD,04 TO 06,108.0,Model A,1988,62 years 10 months,530000.0,243 BT PANJANG RING RD,670243,1.3805207559387,103.771291134609
197531,2025-02,BUKIT PANJANG,5 ROOM,164,GANGSA RD,16 TO 18,120.0,Improved,1998,72 years 05 months,850000.0,164 GANGSA RD,670164,1.37647171774719,103.764884247788
197582,2025-02,CHOA CHU KANG,4 ROOM,808B,CHOA CHU KANG AVE 1,16 TO 18,92.0,Model A,2017,91 years 04 months,630000.0,808B CHOA CHU KANG AVE 1,682808,1.37559249810909,103.7460213304
197583,2025-02,CHOA CHU KANG,4 ROOM,250,CHOA CHU KANG AVE 2,07 TO 09,104.0,Model A,1993,67 years 05 months,512000.0,250 CHOA CHU KANG AVE 2,680250,1.37930897796883,103.745365161971
197618,2025-02,CHOA CHU KANG,4 ROOM,786,CHOA CHU KANG DR,07 TO 09,111.0,Model A,1997,71 years 01 month,590000.0,786 CHOA CHU KANG DR,680786,1.39508340781996,103.748349077227
197662,2025-02,CHOA CHU KANG,5 ROOM,617,CHOA CHU KANG NTH 7,10 TO 12,134.0,Model A,1996,70 years 04 months,685000.0,617 CHOA CHU KANG NTH 7,680617,1.40047053163504,103.746343470361
197706,2025-02,CLEMENTI,3 ROOM,729,CLEMENTI WEST ST 2,07 TO 09,82.0,New Generation,1983,57 years 10 months,440000.0,729 CLEMENTI WEST ST 2,120729,1.30492724290307,103.763519401903
197740,2025-02,GEYLANG,3 ROOM,54,CASSIA CRES,10 TO 12,82.0,New Generation,1983,57 years 07 months,605000.0,54 CASSIA CRES,390054,1.31004800551081,103.884678198119
197755,2025-02,GEYLANG,3 ROOM,82A,CIRCUIT RD,16 TO 18,68.0,Model A,2020,94 years 05 months,790000.0,82A CIRCUIT RD,371082,1.32428910717838,103.889760526482
197770,2025-02,GEYLANG,4 ROOM,125,GEYLANG EAST AVE 1,04 TO 06,112.0,Model A,1984,58 years 03 months,775000.0,125 GEYLANG EAST AVE 1,381125,1.31744387800501,103.886373732265
197812,2025-02,HOUGANG,3 ROOM,321,HOUGANG AVE 5,10 TO 12,67.0,New Generation,1983,57 years 02 months,441000.0,321 HOUGANG AVE 5,530321,1.36710131174973,103.898278016767
197857,2025-02,HOUGANG,4 ROOM,440,HOUGANG AVE 8,10 TO 12,103.0,Model A,1990,64 years 10 months,680000.0,440 HOUGANG AVE 8,530440,1.37913196653041,103.893530769461
197869,2025-02,HOUGANG,4 ROOM,945,HOUGANG ST 92,01 TO 03,103.0,Model A,1998,72 years 10 months,560000.0,945 HOUGANG ST 92,530945,1.37421925567465,103.881015089936
197901,2025-02,HOUGANG,EXECUTIVE,538,HOUGANG ST 52,04 TO 06,147.0,Maisonette,1992,66 years 09 months,990000.0,538 HOUGANG ST 52,530538,1.37782273276389,103.890323214074
197904,2025-02,JURONG EAST,3 ROOM,330,JURONG EAST AVE 1,04 TO 06,74.0,Model A,1983,57 years 05 months,408000.0,330 JURONG EAST AVE 1,600330,1.35055495259482,103.73002911041
197905,2025-02,JURONG EAST,3 ROOM,341,JURONG EAST AVE 1,07 TO 09,74.0,Model A,1983,57 years 05 months,395000.0,341 JURONG EAST AVE 1,600341,1.34920755762646,103.731256052741
197915,2025-02,JURONG EAST,3 ROOM,257,JURONG EAST ST 24,04 TO 06,68.0,New Generation,1983,57 years 01 month,418000.0,257 JURONG EAST ST 24,600257,1.34451804267549,103.738630332612
197927,2025-02,JURONG EAST,4 ROOM,341,JURONG EAST AVE 1,07 TO 09,104.0,Model A,1983,57 years 05 months,528000.0,341 JURONG EAST AVE 1,600341,1.34920755762646,103.731256052741
197958,2025-02,JURONG WEST,3 ROOM,211,BOON LAY PL,16 TO 18,74.0,Improved,1976,50 years 11 months,380888.0,211 BOON LAY PL,640211,1.34824122465841,103.7140978842
197959,2025-02,JURONG WEST,3 ROOM,212,BOON LAY PL,07 TO 09,66.0,Improved,1974,48 years 10 months,350000.0,212 BOON LAY PL,640212,1.34912704098711,103.713021012998
197962,2025-02,JURONG WEST,3 ROOM,120,HO CHING RD,10 TO 12,67.0,Improved,1972,46 years 01 month,333000.0,120 HO CHING RD,610120,1.33540764836183,103.724260953568
197967,2025-02,JURONG WEST,3 ROOM,481,JURONG WEST ST 41,04 TO 06,67.0,New Generation,1985,59 years 04 months,375000.0,481 JURONG WEST ST 41,640481,1.34684614465939,103.725229988301
197971,2025-02,JURONG WEST,3 ROOM,530,JURONG WEST ST 52,04 TO 06,67.0,New Generation,1983,57 years 08 months,410000.0,530 JURONG WEST ST 52,640530,1.34853287172023,103.715468146297
197984,2025-02,JURONG WEST,4 ROOM,263,BOON LAY DR,13 TO 15,117.0,Model A,1995,69 years 06 months,593888.0,263 BOON LAY DR,640263,1.34494171279788,103.707024183364
198016,2025-02,JURONG WEST,4 ROOM,667C,JURONG WEST ST 65,10 TO 12,90.0,Model A,2000,74 years 06 months,588000.0,667C JURONG WEST ST 65,643667,1.34114842114912,103.702295748842
198032,2025-02,JURONG WEST,4 ROOM,920,JURONG WEST ST 92,13 TO 15,104.0,Model A,1989,63 years 02 months,495000.0,920 JURONG WEST ST 92,640920,1.33981029705454,103.688318667097
198120,2025-02,KALLANG/WHAMPOA,3 ROOM,63,KALLANG BAHRU,04 TO 06,65.0,Improved,1974,48 years,383000.0,63 KALLANG BAHRU,330063,1.32100020851204,103.868321383856
198136,2025-02,KALLANG/WHAMPOA,3 ROOM,82,WHAMPOA DR,07 TO 09,66.0,Improved,1974,48 years 07 months,445000.0,82 WHAMPOA DR,320082,1.32387379240679,103.856482753763
198144,2025-02,KALLANG/WHAMPOA,4 ROOM,38,CAMBRIDGE RD,07 TO 09,101.0,Model A,1997,71 years 11 months,810000.0,38 CAMBRIDGE RD,210038,1.31658921051201,103.848909726181
198150,2025-02,KALLANG/WHAMPOA,4 ROOM,101,JLN RAJAH,01 TO 03,94.0,New Generation,1980,55 years,500000.0,101 JLN RAJAH,321101,1.32871478392959,103.850545321033
198153,2025-02,KALLANG/WHAMPOA,4 ROOM,14,KG ARANG RD,10 TO 12,135.0,New Generation,1984,58 years 08 months,908000.0,14 KG ARANG RD,431014,1.30016459105,103.884228450233
198162,2025-02,KALLANG/WHAMPOA,4 ROOM,25A,ST. GEORGE'S LANE,07 TO 09,92.0,Model A,2020,94 years 05 months,1025888.0,25A ST. GEORGE'S LANE,321025,1.32183662062012,103.861839161245
198163,2025-02,KALLANG/WHAMPOA,4 ROOM,26B,ST. GEORGE'S LANE,04 TO 06,92.0,Model A,2020,94 years 05 months,985000.0,26B ST. GEORGE'S LANE,322026,1.32166862124903,103.862717909816
198232,2025-02,PASIR RIS,5 ROOM,566,PASIR RIS ST 51,07 TO 09,123.0,Improved,1992,66 years 11 months,780000.0,566 PASIR RIS ST 51,510566,1.36911752292724,103.949716060672
198249,2025-02,PUNGGOL,2 ROOM,222A,SUMANG LANE,13 TO 15,37.0,Model A,2018,93 years,339000.0,222A SUMANG LANE,821222,1.40112566398084,103.893476425427
198254,2025-02,PUNGGOL,3 ROOM,622A,PUNGGOL CTRL,13 TO 15,69.0,Model A,2014,88 years 04 months,560000.0,622A PUNGGOL CTRL,821622,1.39992780139037,103.911046885541
198273,2025-02,PUNGGOL,3 ROOM,327C,SUMANG WALK,13 TO 15,68.0,Model A,2018,92 years 11 months,540888.0,327C SUMANG WALK,823327,1.41206930290767,103.899974279726
198305,2025-02,PUNGGOL,4 ROOM,612B,PUNGGOL DR,07 TO 09,93.0,Model A,2012,87 years,655888.0,612B PUNGGOL DR,822612,1.40493858379942,103.908157161266
198306,2025-02,PUNGGOL,4 ROOM,619B,PUNGGOL DR,10 TO 12,95.0,Premium Apartment,2013,87 years 09 months,710000.0,619B PUNGGOL DR,822619,1.4028812272329,103.911042035521
198329,2025-02,PUNGGOL,4 ROOM,272A,PUNGGOL WALK,10 TO 12,94.0,Premium Apartment,2014,88 years 04 months,738000.0,272A PUNGGOL WALK,821272,1.40314525876874,103.900666001893
198337,2025-02,PUNGGOL,4 ROOM,221B,SUMANG LANE,13 TO 15,93.0,Model A,2018,93 years,688000.0,221B SUMANG LANE,822221,1.40102194426632,103.895064879651
198338,2025-02,PUNGGOL,4 ROOM,224C,SUMANG LANE,04 TO 06,93.0,Model A,2018,93 years,648000.0,224C SUMANG LANE,823224,1.40150839589079,103.894127051818
198352,2025-02,PUNGGOL,5 ROOM,130,EDGEDALE PLAINS,07 TO 09,111.0,Premium Apartment,2003,77 years 11 months,625000.0,130 EDGEDALE PLAINS,820130,1.39317299390016,103.910055332313
198360,2025-02,PUNGGOL,5 ROOM,678B,PUNGGOL DR,01 TO 03,113.0,Premium Apartment,2016,90 years 09 months,785000.0,678B PUNGGOL DR,822678,1.40576170081906,103.908840037229
198385,2025-02,QUEENSTOWN,3 ROOM,81,C'WEALTH CL,04 TO 06,60.0,Standard,1967,41 years 01 month,387000.0,81 C'WEALTH CL,140081,1.303787443937,103.800385265974
198396,2025-02,QUEENSTOWN,3 ROOM,27,GHIM MOH LINK,25 TO 27,67.0,Model A,2013,87 years 04 months,762888.0,27 GHIM MOH LINK,270027,1.30837126346035,103.785133508433
198407,2025-02,QUEENSTOWN,3 ROOM,154,MEI LING ST,07 TO 09,67.0,Improved,1970,44 years 01 month,402000.0,154 MEI LING ST,140154,1.29361494016312,103.803742526958
198423,2025-02,QUEENSTOWN,4 ROOM,19,DOVER CRES,07 TO 09,92.0,Model A,2003,77 years 07 months,842000.0,19 DOVER CRES,130019,1.30783587059427,103.783635854778
198429,2025-02,QUEENSTOWN,4 ROOM,32,GHIM MOH LINK,01 TO 03,93.0,Model A,2018,92 years 05 months,950000.0,32 GHIM MOH LINK,271032,1.3100634072092,103.784498087029
198453,2025-02,SEMBAWANG,2 ROOM,117A,CANBERRA CRES,10 TO 12,47.0,Model A,2020,94 years 05 months,425000.0,117A CANBERRA CRES,751117,1.44497965573574,103.830518633862
198462,2025-02,SEMBAWANG,2 ROOM,103A,CANBERRA ST,07 TO 09,38.0,2-room,2020,95 years,351000.0,103A CANBERRA ST,751103,1.45103006132424,103.830534008712
198477,2025-02,SEMBAWANG,3 ROOM,463A,SEMBAWANG DR,22 TO 24,67.0,Model A,2015,89 years 05 months,490000.0,463A SEMBAWANG DR,751463,1.45559843682203,103.814045150572
198482,2025-02,SEMBAWANG,4 ROOM,492,ADMIRALTY LINK,10 TO 12,90.0,Model A,2004,78 years 04 months,555000.0,492 ADMIRALTY LINK,750492,1.4564743178621,103.81718135862
198535,2025-02,SEMBAWANG,4 ROOM,363A,SEMBAWANG CRES,10 TO 12,93.0,Model A,2019,93 years 05 months,650000.0,363A SEMBAWANG CRES,751363,1.44576016585328,103.814267716736
198563,2025-02,SEMBAWANG,5 ROOM,108A,CANBERRA WALK,07 TO 09,113.0,Improved,2018,92 years 05 months,769000.0,108A CANBERRA WALK,751108,1.44776056626366,103.831274677849
198571,2025-02,SEMBAWANG,5 ROOM,470,SEMBAWANG DR,13 TO 15,110.0,Improved,2000,74 years 08 months,580000.0,470 SEMBAWANG DR,750470,1.45157616201366,103.81515743452
198578,2025-02,SEMBAWANG,EXECUTIVE,503A,CANBERRA LINK,01 TO 03,130.0,Apartment,2001,75 years 08 months,750000.0,503A CANBERRA LINK,751503,1.45058879786565,103.821649350316
198586,2025-02,SENGKANG,2 ROOM,353B,ANCHORVALE LANE,16 TO 18,38.0,2-room,2021,95 years 02 months,360000.0,353B ANCHORVALE LANE,542353,1.39434782021906,103.88585684721
198591,2025-02,SENGKANG,2 ROOM,456A,SENGKANG WEST RD,10 TO 12,38.0,2-room,2020,94 years 09 months,328000.0,456A SENGKANG WEST RD,791456,1.39165965999065,103.869882501471
198599,2025-02,SENGKANG,3 ROOM,302B,ANCHORVALE LINK,01 TO 03,83.0,Model A,2007,81 years 07 months,495000.0,302B ANCHORVALE LINK,542302,1.3878622433042,103.890705078823
198608,2025-02,SENGKANG,3 ROOM,281A,SENGKANG EAST AVE,04 TO 06,67.0,Premium Apartment,2015,89 years 08 months,550000.0,281A SENGKANG EAST AVE,541281,1.38609224063789,103.891561108663
198629,2025-02,SENGKANG,4 ROOM,331B,ANCHORVALE ST,07 TO 09,93.0,Model A,2015,89 years 08 months,665000.0,331B ANCHORVALE ST,542331,1.39567244030632,103.890125430899
198672,2025-02,SENGKANG,4 ROOM,418B,FERNVALE LINK,19 TO 21,94.0,Model A,2018,92 years 07 months,700000.0,418B FERNVALE LINK,792418,1.39101485658152,103.880193298835
198692,2025-02,SENGKANG,4 ROOM,184C,RIVERVALE CRES,01 TO 03,85.0,Model A2,2003,77 years 05 months,545000.0,184C RIVERVALE CRES,543184,1.39266579969396,103.907716745628
198720,2025-02,SENGKANG,5 ROOM,326B,ANCHORVALE RD,01 TO 03,112.0,Premium Apartment,2015,89 years 04 months,800000.0,326B ANCHORVALE RD,542326,1.3953117728698,103.888014709966
198742,2025-02,SENGKANG,5 ROOM,472A,FERNVALE ST,22 TO 24,113.0,Improved,2016,90 years 09 months,840000.0,472A FERNVALE ST,791472,1.39740224240408,103.881338084424
198786,2025-02,SERANGOON,4 ROOM,401,SERANGOON AVE 1,01 TO 03,105.0,Model A,1989,63 years 02 months,795888.0,401 SERANGOON AVE 1,550401,1.34626598680467,103.873199803702
198802,2025-02,SERANGOON,4 ROOM,126,SERANGOON NTH AVE 1,01 TO 03,91.0,New Generation,1985,59 years 06 months,550000.0,126 SERANGOON NTH AVE 1,550126,1.36605821730761,103.871874850688
198807,2025-02,SERANGOON,5 ROOM,411,SERANGOON CTRL,10 TO 12,121.0,Improved,1989,63 years 04 months,1018000.0,411 SERANGOON CTRL,550411,1.34845728580359,103.873946828694
198809,2025-02,SERANGOON,5 ROOM,257,SERANGOON CTRL DR,07 TO 09,115.0,Improved,1999,73 years 05 months,978000.0,257 SERANGOON CTRL DR,550257,1.35512612578152,103.872029738595
198843,2025-02,TAMPINES,3 ROOM,433,TAMPINES ST 43,07 TO 09,64.0,Simplified,1987,61 years 09 months,470000.0,433 TAMPINES ST 43,520433,1.35904050139779,103.951132576329
198859,2025-02,TAMPINES,4 ROOM,126,SIMEI ST 1,04 TO 06,103.0,Model A,1988,62 years 03 months,645000.0,126 SIMEI ST 1,520126,1.34704714167601,103.954253519287
198864,2025-02,TAMPINES,4 ROOM,869A,TAMPINES AVE 8,13 TO 15,92.0,Model A,2015,89 years 06 months,768000.0,869A TAMPINES AVE 8,521869,1.35501799093941,103.93231742743
198919,2025-02,TAMPINES,4 ROOM,365,TAMPINES ST 34,01 TO 03,100.0,Model A,1997,71 years 01 month,580000.0,365 TAMPINES ST 34,520365,1.35768611954955,103.960620745568
198933,2025-02,TAMPINES,4 ROOM,704,TAMPINES ST 71,10 TO 12,99.0,Model A,1997,71 years 06 months,675000.0,704 TAMPINES ST 71,520704,1.35655720440891,103.93716002138
198934,2025-02,TAMPINES,4 ROOM,714,TAMPINES ST 71,10 TO 12,100.0,Model A,1997,71 years 03 months,655000.0,714 TAMPINES ST 71,520714,1.36005190110954,103.937142900774
198954,2025-02,TAMPINES,5 ROOM,518C,TAMPINES CTRL 7,04 TO 06,108.0,DBSS,2008,83 years,905000.0,518C TAMPINES CTRL 7,523518,1.35636967092522,103.938987991759
198995,2025-02,TAMPINES,5 ROOM,716,TAMPINES ST 71,07 TO 09,120.0,Improved,1997,71 years 04 months,780000.0,716 TAMPINES ST 71,520716,1.35938987364854,103.936632842041
199048,2025-02,TOA PAYOH,3 ROOM,262,TOA PAYOH EAST,22 TO 24,68.0,Model A,2019,94 years,715000.0,262 TOA PAYOH EAST,310262,1.33320440397645,103.855618262704
199060,2025-02,TOA PAYOH,4 ROOM,106B,BIDADARI PK DR,16 TO 18,94.0,Model A,2020,94 years 07 months,1200000.0,106B BIDADARI PK DR,342106,1.33364211083176,103.871164760412
199077,2025-02,TOA PAYOH,4 ROOM,219,LOR 8 TOA PAYOH,01 TO 03,82.0,Improved,1978,52 years 01 month,475000.0,219 LOR 8 TOA PAYOH,310219,1.3427643319014,103.855872559307
199078,2025-02,TOA PAYOH,4 ROOM,222,LOR 8 TOA PAYOH,13 TO 15,82.0,Improved,1976,50 years 03 months,465000.0,222 LOR 8 TOA PAYOH,310222,1.34177310664554,103.856039796964
199102,2025-02,TOA PAYOH,EXECUTIVE,124,POTONG PASIR AVE 1,01 TO 03,161.0,Maisonette,1984,58 years 03 months,1260000.0,124 POTONG PASIR AVE 1,350124,1.3353470224763,103.865451584255
199103,2025-02,WOODLANDS,2 ROOM,16,MARSILING LANE,10 TO 12,45.0,Improved,1984,58 years 11 months,298888.0,16 MARSILING LANE,730016,1.44229782292057,103.777878520479
199106,2025-02,WOODLANDS,2 ROOM,693B,WOODLANDS AVE 6,10 TO 12,47.0,Model A,2018,92 years 09 months,375000.0,693B WOODLANDS AVE 6,732693,1.43850605916385,103.804250612304
199157,2025-02,WOODLANDS,4 ROOM,774,WOODLANDS CRES,07 TO 09,91.0,Model A2,1997,71 years 10 months,500000.0,774 WOODLANDS CRES,730774,1.44814759810496,103.799142729823
199198,2025-02,WOODLANDS,4 ROOM,783D,WOODLANDS RISE,07 TO 09,93.0,Model A,2018,92 years 07 months,590000.0,783D WOODLANDS RISE,734783,1.44697243135983,103.803367709955
199325,2025-02,YISHUN,3 ROOM,208,YISHUN ST 21,07 TO 09,67.0,New Generation,1985,59 years 10 months,448000.0,208 YISHUN ST 21,760208,1.43102233778042,103.837623233094
199332,2025-02,YISHUN,3 ROOM,722,YISHUN ST 71,01 TO 03,64.0,Simplified,1987,61 years 09 months,400000.0,722 YISHUN ST 71,760722,1.42566715797556,103.829016104284
199401,2025-02,YISHUN,4 ROOM,505C,YISHUN ST 51,10 TO 12,92.0,Model A,2016,90 years 03 months,632000.0,505C YISHUN ST 51,763505,1.41923754461468,103.844227928881
199415,2025-02,YISHUN,5 ROOM,432A,YISHUN AVE 1,10 TO 12,112.0,Improved,2015,89 years 09 months,675000.0,432A YISHUN AVE 1,761432,1.41930728950471,103.847043629046
199418,2025-02,YISHUN,5 ROOM,346,YISHUN AVE 11,04 TO 06,121.0,Improved,1988,62 years 08 months,660888.0,346 YISHUN AVE 11,760346,1.42845935062473,103.843568800254
199437,2025-02,YISHUN,5 ROOM,677B,YISHUN RING RD,07 TO 09,113.0,Improved,2018,92 years 10 months,770000.0,677B YISHUN RING RD,762677,1.42209981159397,103.842666036929
199444,2025-02,YISHUN,5 ROOM,502C,YISHUN ST 51,01 TO 03,112.0,Improved,2018,92 years 01 month,695000.0,502C YISHUN ST 51,763502,1.41732309701441,103.841554200042
197106,2025-02,ANG MO KIO,EXECUTIVE,613,ANG MO KIO AVE 4,01 TO 03,156.0,Apartment,1996,70 years 05 months,1135000.0,613 ANG MO KIO AVE 4,560613,1.37845661566039,103.839292714848
197130,2025-02,BEDOK,3 ROOM,525,BEDOK NTH ST 3,07 TO 09,67.0,New Generation,1979,53 years 07 months,400000.0,525 BEDOK NTH ST 3,460525,1.33460113941761,103.929445271638
197184,2025-02,BEDOK,4 ROOM,767,BEDOK RESERVOIR VIEW,07 TO 09,105.0,Premium Apartment,2000,75 years,728000.0,767 BEDOK RESERVOIR VIEW,470767,1.33585118238176,103.936777579151
197187,2025-02,BEDOK,4 ROOM,169,BEDOK STH AVE 3,07 TO 09,105.0,Model A,1985,59 years 03 months,600000.0,169 BEDOK STH AVE 3,460169,1.32038884581716,103.945093904498
197200,2025-02,BEDOK,5 ROOM,140,BEDOK NTH ST 2,04 TO 06,120.0,Improved,1998,72 years 06 months,835000.0,140 BEDOK NTH ST 2,460140,1.32986086595092,103.935423827584
197206,2025-02,BEDOK,5 ROOM,602,BEDOK RESERVOIR RD,04 TO 06,121.0,Improved,1982,56 years 05 months,638000.0,602 BEDOK RESERVOIR RD,470602,1.32934898685946,103.911583237057
197207,2025-02,BEDOK,5 ROOM,715,BEDOK RESERVOIR RD,10 TO 12,121.0,Improved,1980,54 years 11 months,770188.0,715 BEDOK RESERVOIR RD,470715,1.33742965753386,103.923154914839
197214,2025-02,BEDOK,5 ROOM,670,JLN DAMAI,04 TO 06,126.0,Improved,1996,70 years 10 months,808000.0,670 JLN DAMAI,410670,1.33251871785385,103.908283298037
197216,2025-02,BEDOK,5 ROOM,54,NEW UPP CHANGI RD,16 TO 18,118.0,Standard,1977,51 years 07 months,758000.0,54 NEW UPP CHANGI RD,461054,1.32486087785589,103.942554038061
197243,2025-02,BISHAN,4 ROOM,445,SIN MING AVE,07 TO 09,105.0,Model A,1990,64 years 01 month,855000.0,445 SIN MING AVE,570445,1.35871142499038,103.831720136073
197266,2025-02,BUKIT BATOK,3 ROOM,230,BT BATOK EAST AVE 3,10 TO 12,69.0,New Generation,1985,59 years 10 months,418000.0,230 BT BATOK EAST AVE 3,650230,1.34771540923723,103.754994802909
197282,2025-02,BUKIT BATOK,3 ROOM,533,BT BATOK ST 51,04 TO 06,60.0,Improved,1988,62 years 02 months,372000.0,533 BT BATOK ST 51,650533,1.35587908699049,103.749799126312
197293,2025-02,BUKIT BATOK,3 ROOM,136,BT BATOK WEST AVE 6,04 TO 06,68.0,New Generation,1984,58 years 10 months,410000.0,136 BT BATOK WEST AVE 6,650136,1.35090042870513,103.74485764967
197294,2025-02,BUKIT BATOK,3 ROOM,146,BT BATOK WEST AVE 6,04 TO 06,68.0,New Generation,1984,58 years 08 months,392000.0,146 BT BATOK WEST AVE 6,650146,1.34966890869827,103.744083499088
197312,2025-02,BUKIT BATOK,4 ROOM,293C,BT BATOK ST 21,04 TO 06,92.0,Model A,2019,93 years 01 month,675000.0,293C BT BATOK ST 21,653293,1.34537093479434,103.75498944775
197359,2025-02,BUKIT BATOK,4 ROOM,449A,BT BATOK WEST AVE 9,16 TO 18,93.0,Model A,2019,93 years 03 months,685000.0,449A BT BATOK WEST AVE 9,651449,1.35234861922854,103.74151018118
197390,2025-02,BUKIT BATOK,EXECUTIVE,221,BT BATOK EAST AVE 3,13 TO 15,146.0,Apartment,1985,59 years 06 months,950000.0,221 BT BATOK EAST AVE 3,650221,1.34747562371947,103.753690953671
197407,2025-02,BUKIT MERAH,3 ROOM,54,HAVELOCK RD,04 TO 06,69.0,Model A,2013,87 years 05 months,728000.0,54 HAVELOCK RD,161054,1.28930893190551,103.829233342268
197417,2025-02,BUKIT MERAH,3 ROOM,2,JLN BT MERAH,04 TO 06,63.0,Improved,1975,49 years 06 months,355000.0,2 JLN BT MERAH,150002,1.2866292132996,103.80686187976
197457,2025-02,BUKIT MERAH,4 ROOM,96B,HENDERSON RD,37 TO 39,83.0,Model A,2019,93 years 05 months,1050000.0,96B HENDERSON RD,152096,1.288056640159,103.821285332505
197460,2025-02,BUKIT MERAH,4 ROOM,146,JLN BT MERAH,04 TO 06,102.0,New Generation,1981,55 years 10 months,665000.0,146 JLN BT MERAH,160146,1.27784876576774,103.830811459909
197467,2025-02,BUKIT MERAH,4 ROOM,126C,KIM TIAN RD,19 TO 21,93.0,Model A,2013,87 years 02 months,1000000.0,126C KIM TIAN RD,163126,1.28231370027498,103.829311503614
197519,2025-02,BUKIT PANJANG,4 ROOM,163,GANGSA RD,16 TO 18,102.0,Model A,1998,72 years 05 months,790000.0,163 GANGSA RD,670163,1.37626324137774,103.764450950694
197542,2025-02,BUKIT PANJANG,4 ROOM,547B,SEGAR RD,10 TO 12,92.0,Model A,2015,89 years 07 months,596000.0,547B SEGAR RD,672547,1.38843774527561,103.769252590551
197554,2025-02,BUKIT PANJANG,5 ROOM,442D,FAJAR RD,13 TO 15,113.0,Improved,2016,91 years,798000.0,442D FAJAR RD,674442,1.38092147169303,103.770840739111
197563,2025-02,BUKIT PANJANG,5 ROOM,184,JELEBU RD,13 TO 15,113.0,Premium Apartment,2003,77 years 05 months,848000.0,184 JELEBU RD,670184,1.37971095812868,103.762440084954
197581,2025-02,BUKIT PANJANG,EXECUTIVE,130,CASHEW RD,07 TO 09,145.0,Apartment,1988,62 years 11 months,938000.0,130 CASHEW RD,670130,1.37401129101616,103.771281823916
197583,2025-02,BUKIT PANJANG,EXECUTIVE,527,JELAPANG RD,13 TO 15,144.0,Apartment,1998,72 years 10 months,998000.0,527 JELAPANG RD,670527,1.38621049183084,103.76511260732
197584,2025-02,BUKIT PANJANG,EXECUTIVE,144,PETIR RD,01 TO 03,146.0,Maisonette,1988,62 years 06 months,925000.0,144 PETIR RD,670144,1.37581593705491,103.767563450683
197619,2025-02,CHOA CHU KANG,4 ROOM,413,CHOA CHU KANG AVE 3,07 TO 09,104.0,Model A,1992,66 years 06 months,585000.0,413 CHOA CHU KANG AVE 3,680413,1.38132792158886,103.742568460559
197626,2025-02,CHOA CHU KANG,4 ROOM,425,CHOA CHU KANG AVE 4,07 TO 09,104.0,Model A,1992,66 years 07 months,540000.0,425 CHOA CHU KANG AVE 4,680425,1.38121893045435,103.739482403988
197643,2025-02,CHOA CHU KANG,4 ROOM,691A,CHOA CHU KANG CRES,01 TO 03,91.0,Model A,2003,77 years 05 months,485000.0,691A CHOA CHU KANG CRES,681691,1.40115779753494,103.751471709468
197651,2025-02,CHOA CHU KANG,4 ROOM,688A,CHOA CHU KANG DR,04 TO 06,91.0,Model A,2002,76 years 03 months,487000.0,688A CHOA CHU KANG DR,681688,1.40396387456119,103.750566306243
197679,2025-02,CHOA CHU KANG,5 ROOM,815C,CHOA CHU KANG AVE 7,04 TO 06,113.0,Improved,2017,91 years 03 months,660000.0,815C CHOA CHU KANG AVE 7,683815,1.37630418227263,103.747457565703
197701,2025-02,CHOA CHU KANG,5 ROOM,610,CHOA CHU KANG ST 62,10 TO 12,134.0,Model A,1996,70 years 04 months,768000.0,610 CHOA CHU KANG ST 62,680610,1.39942410073335,103.743786296577
197743,2025-02,CLEMENTI,3 ROOM,703,WEST COAST RD,07 TO 09,67.0,New Generation,1980,54 years 09 months,360000.0,703 WEST COAST RD,120703,1.30674896245195,103.760633580535
197777,2025-02,GEYLANG,3 ROOM,42,CASSIA CRES,04 TO 06,68.0,New Generation,1981,55 years 07 months,500000.0,42 CASSIA CRES,390042,1.31041140455932,103.886398004352
197793,2025-02,GEYLANG,3 ROOM,37,CIRCUIT RD,13 TO 15,58.0,Standard,1972,46 years 11 months,348000.0,37 CIRCUIT RD,370037,1.32817733374331,103.886486362837
197795,2025-02,GEYLANG,3 ROOM,31,EUNOS CRES,01 TO 03,60.0,Model A,2007,81 years 01 month,630000.0,31 EUNOS CRES,400031,1.32038936286085,103.901842015603
197798,2025-02,GEYLANG,3 ROOM,10,PINE CL,13 TO 15,68.0,New Generation,1981,55 years 07 months,510000.0,10 PINE CL,391010,1.30915239429834,103.882242524292
197863,2025-02,HOUGANG,3 ROOM,619,HOUGANG AVE 8,10 TO 12,69.0,Improved,1985,59 years 09 months,460000.0,619 HOUGANG AVE 8,530619,1.36984770803551,103.883701202398
197870,2025-02,HOUGANG,3 ROOM,365B,UPP SERANGOON RD,01 TO 03,67.0,Model A,2018,92 years 02 months,505000.0,365B UPP SERANGOON RD,532365,1.36920419004326,103.897512942583
197958,2025-02,JURONG EAST,3 ROOM,241,JURONG EAST ST 24,10 TO 12,68.0,New Generation,1983,57 years 02 months,455000.0,241 JURONG EAST ST 24,600241,1.3414812934447,103.742973359591
197972,2025-02,JURONG EAST,4 ROOM,224,JURONG EAST ST 21,10 TO 12,91.0,New Generation,1984,58 years 10 months,560500.0,224 JURONG EAST ST 21,600224,1.34171403139747,103.736733166148
197976,2025-02,JURONG EAST,4 ROOM,402,PANDAN GDNS,01 TO 03,97.0,New Generation,1978,52 years 11 months,456000.0,402 PANDAN GDNS,600402,1.32075547790486,103.74951968623
198005,2025-02,JURONG WEST,3 ROOM,210,BOON LAY PL,22 TO 24,65.0,Improved,1977,51 years 09 months,348000.0,210 BOON LAY PL,640210,1.34764592847862,103.7129331836
198010,2025-02,JURONG WEST,3 ROOM,489,JURONG WEST AVE 1,04 TO 06,73.0,Model A,1984,58 years 08 months,380000.0,489 JURONG WEST AVE 1,640489,1.34917459623674,103.72723983348
198046,2025-02,JURONG WEST,4 ROOM,276A,JURONG WEST ST 25,10 TO 12,85.0,Model A2,2002,76 years 02 months,498000.0,276A JURONG WEST ST 25,641276,1.35320439038387,103.703654377512
198081,2025-02,JURONG WEST,4 ROOM,924,JURONG WEST ST 92,01 TO 03,108.0,Model A,1988,62 years 07 months,490000.0,924 JURONG WEST ST 92,640924,1.34026317516032,103.689828390364
198101,2025-02,JURONG WEST,5 ROOM,401,JURONG WEST ST 42,10 TO 12,135.0,Model A,1984,58 years 08 months,620000.0,401 JURONG WEST ST 42,640401,1.3534249409359,103.721442695629
198114,2025-02,JURONG WEST,5 ROOM,677A,JURONG WEST ST 64,16 TO 18,110.0,Premium Apartment,2008,82 years 06 months,608000.0,677A JURONG WEST ST 64,641677,1.34563047616405,103.705038025438
198126,2025-02,JURONG WEST,5 ROOM,755,JURONG WEST ST 74,13 TO 15,128.0,Improved,1996,70 years 09 months,680000.0,755 JURONG WEST ST 74,640755,1.34840359119589,103.700845198622
198183,2025-02,KALLANG/WHAMPOA,3 ROOM,11,UPP BOON KENG RD,07 TO 09,65.0,Improved,1974,48 years 01 month,442000.0,11 UPP BOON KENG RD,380011,1.31423937033551,103.870914031459
198249,2025-02,MARINE PARADE,5 ROOM,77,MARINE DR,16 TO 18,120.0,Standard,1977,51 years 01 month,1020000.0,77 MARINE DR,440077,1.3020158078523,103.908586206495
198268,2025-02,PASIR RIS,4 ROOM,119,PASIR RIS ST 11,04 TO 06,105.0,Model A,1989,63 years 07 months,595000.0,119 PASIR RIS ST 11,510119,1.36752490300235,103.954781393933
198269,2025-02,PASIR RIS,4 ROOM,125,PASIR RIS ST 11,10 TO 12,106.0,Model A,1989,63 years 03 months,610000.0,125 PASIR RIS ST 11,510125,1.36618432371868,103.954324674252
198294,2025-02,PASIR RIS,EXECUTIVE,646,PASIR RIS DR 10,10 TO 12,150.0,Apartment,1995,69 years 09 months,933888.0,646 PASIR RIS DR 10,510646,1.37808319671689,103.938173011726
198325,2025-02,PUNGGOL,3 ROOM,220C,SUMANG LANE,13 TO 15,68.0,Model A,2018,93 years,555000.0,220C SUMANG LANE,823220,1.40161130737572,103.89600275308
198366,2025-02,PUNGGOL,4 ROOM,613B,PUNGGOL DR,04 TO 06,93.0,Model A,2012,87 years,635000.0,613B PUNGGOL DR,822613,1.40427710253969,103.90827778637
198399,2025-02,PUNGGOL,4 ROOM,312B,SUMANG LINK,10 TO 12,92.0,Model A,2015,89 years 06 months,700000.0,312B SUMANG LINK,822312,1.41135309598215,103.900614672147
198422,2025-02,PUNGGOL,5 ROOM,658A,PUNGGOL EAST,10 TO 12,113.0,Improved,2018,92 years 11 months,805000.0,658A PUNGGOL EAST,821658,1.40017361074941,103.919720354546
198444,2025-02,QUEENSTOWN,2 ROOM,99,C'WEALTH CRES,01 TO 03,43.0,Standard,1970,44 years 06 months,280000.0,99 C'WEALTH CRES,140099,1.30743412917943,103.801143772389
198454,2025-02,QUEENSTOWN,3 ROOM,90,DAWSON RD,19 TO 21,65.0,Premium Apartment,2016,90 years 04 months,795000.0,90 DAWSON RD,142090,1.29540163896319,103.812185563953
198510,2025-02,QUEENSTOWN,5 ROOM,8,GHIM MOH RD,01 TO 03,117.0,Standard,1977,51 years 01 month,720000.0,8 GHIM MOH RD,270008,1.31057227583682,103.787643069812
198562,2025-02,SEMBAWANG,4 ROOM,303,CANBERRA RD,13 TO 15,100.0,Model A,1998,73 years,570000.0,303 CANBERRA RD,750303,1.44468992379986,103.822441620312
198596,2025-02,SEMBAWANG,4 ROOM,593A,MONTREAL LINK,13 TO 15,93.0,Model A,2015,89 years 04 months,600000.0,593A MONTREAL LINK,751593,1.45154716074707,103.827907536375
198661,2025-02,SENGKANG,2 ROOM,448B,SENGKANG WEST WAY,22 TO 24,46.0,Model A,2014,88 years 07 months,372000.0,448B SENGKANG WEST WAY,792448,1.39341981691827,103.873319886194
198667,2025-02,SENGKANG,3 ROOM,353A,ANCHORVALE LANE,10 TO 12,68.0,Model A,2021,95 years 02 months,560000.0,353A ANCHORVALE LANE,541353,1.39380650147896,103.885615916234
198686,2025-02,SENGKANG,4 ROOM,338C,ANCHORVALE CRES,04 TO 06,93.0,Model A,2018,92 years 05 months,638000.0,338C ANCHORVALE CRES,543338,1.40000057323035,103.890078145481
198692,2025-02,SENGKANG,4 ROOM,356A,ANCHORVALE LANE,13 TO 15,93.0,Model A,2021,95 years 02 months,700000.0,356A ANCHORVALE LANE,541356,1.39343577522561,103.884811967949
198732,2025-02,SENGKANG,4 ROOM,298B,COMPASSVALE ST,16 TO 18,94.0,Premium Apartment,2001,75 years 08 months,575000.0,298B COMPASSVALE ST,542298,1.39552167463018,103.902214028744
198747,2025-02,SENGKANG,4 ROOM,440A,FERNVALE LINK,25 TO 27,92.0,Model A,2015,89 years 07 months,660000.0,440A FERNVALE LINK,791440,1.39318853941818,103.878692030242
198759,2025-02,SENGKANG,4 ROOM,471A,FERNVALE ST,22 TO 24,93.0,Model A,2016,90 years 09 months,680000.0,471A FERNVALE ST,791471,1.39604094734393,103.880735419984
198774,2025-02,SENGKANG,4 ROOM,193,RIVERVALE DR,01 TO 03,90.0,Model A,2001,75 years 04 months,555000.0,193 RIVERVALE DR,540193,1.3932795324994,103.901941660487
198809,2025-02,SENGKANG,5 ROOM,253,COMPASSVALE ST,01 TO 03,115.0,Improved,2000,74 years 10 months,633000.0,253 COMPASSVALE ST,540253,1.39399621447321,103.900183233662
198811,2025-02,SENGKANG,5 ROOM,233,COMPASSVALE WALK,07 TO 09,123.0,Improved,1999,73 years 07 months,680000.0,233 COMPASSVALE WALK,540233,1.38994081535227,103.900721365137
198837,2025-02,SENGKANG,5 ROOM,120A,RIVERVALE DR,07 TO 09,121.0,Premium Apartment,2001,75 years 03 months,670000.0,120A RIVERVALE DR,541120,1.38593215506966,103.903984341638
198843,2025-02,SENGKANG,5 ROOM,325B,SENGKANG EAST WAY,04 TO 06,110.0,Improved,2003,77 years 04 months,750000.0,325B SENGKANG EAST WAY,542325,1.39290849064575,103.890675455376
198900,2025-02,TAMPINES,2 ROOM,524B,TAMPINES CTRL 7,04 TO 06,47.0,Model A,2015,89 years 08 months,419000.0,524B TAMPINES CTRL 7,522524,1.35895813519086,103.938911100785
198911,2025-02,TAMPINES,3 ROOM,613A,TAMPINES NTH DR 1,04 TO 06,69.0,Model A,2020,94 years 10 months,580000.0,613A TAMPINES NTH DR 1,521613,1.3657934916842,103.935322892026
198917,2025-02,TAMPINES,3 ROOM,246,TAMPINES ST 21,04 TO 06,67.0,New Generation,1984,58 years 10 months,480000.0,246 TAMPINES ST 21,521246,1.35322549774418,103.947232182338
198918,2025-02,TAMPINES,3 ROOM,263,TAMPINES ST 21,07 TO 09,74.0,Model A,1984,58 years 09 months,483000.0,263 TAMPINES ST 21,520263,1.35330602954221,103.95114433296
198956,2025-02,TAMPINES,4 ROOM,601C,TAMPINES AVE 9,13 TO 15,92.0,Model A,2020,94 years 02 months,780000.0,601C TAMPINES AVE 9,523601,1.36137360614437,103.937271692223
198999,2025-02,TAMPINES,4 ROOM,234,TAMPINES ST 21,07 TO 09,108.0,Model A,1984,59 years,695000.0,234 TAMPINES ST 21,521234,1.35590413566011,103.948024616734
199023,2025-02,TAMPINES,4 ROOM,718,TAMPINES ST 72,13 TO 15,99.0,Model A,1997,71 years 04 months,648000.0,718 TAMPINES ST 72,520718,1.35908701781335,103.935544402477
199032,2025-02,TAMPINES,4 ROOM,912,TAMPINES ST 91,07 TO 09,103.0,Model A,1984,58 years 09 months,670000.0,912 TAMPINES ST 91,520912,1.34943561239534,103.939252333523
199062,2025-02,TAMPINES,5 ROOM,613B,TAMPINES NTH DR 1,04 TO 06,113.0,Improved,2020,94 years 10 months,880000.0,613B TAMPINES NTH DR 1,522613,1.366081228979,103.936008325034
199078,2025-02,TAMPINES,5 ROOM,496B,TAMPINES ST 43,04 TO 06,121.0,Improved,1993,67 years 07 months,715000.0,496B TAMPINES ST 43,525496,1.36123685622591,103.950996094324
199094,2025-02,TAMPINES,EXECUTIVE,860,TAMPINES AVE 5,04 TO 06,146.0,Maisonette,1987,61 years 11 months,1060000.0,860 TAMPINES AVE 5,520860,1.35546034663524,103.937595591612
199109,2025-02,TOA PAYOH,2 ROOM,51,LOR 6 TOA PAYOH,07 TO 09,50.0,Standard,1983,57 years 06 months,320000.0,51 LOR 6 TOA PAYOH,310051,1.33778337648439,103.852507455855
199122,2025-02,TOA PAYOH,3 ROOM,123,LOR 1 TOA PAYOH,07 TO 09,67.0,Improved,1970,43 years 11 months,398000.0,123 LOR 1 TOA PAYOH,310123,1.33864901784911,103.845703844955
199185,2025-02,TOA PAYOH,5 ROOM,172,LOR 1 TOA PAYOH,22 TO 24,124.0,Improved,1995,69 years 04 months,1080000.0,172 LOR 1 TOA PAYOH,310172,1.33035489391143,103.843053387382
199190,2025-02,TOA PAYOH,5 ROOM,138B,LOR 1A TOA PAYOH,16 TO 18,113.0,DBSS,2012,86 years 04 months,1300000.0,138B LOR 1A TOA PAYOH,312138,1.33626408939965,103.845626191384
199229,2025-02,WOODLANDS,3 ROOM,185B,WOODLANDS ST 13,25 TO 27,68.0,Model A,2019,93 years 10 months,540000.0,185B WOODLANDS ST 13,732185,1.43585650383199,103.776294109996
199292,2025-02,WOODLANDS,4 ROOM,644,WOODLANDS RING RD,04 TO 06,101.0,Model A,1998,72 years 07 months,550000.0,644 WOODLANDS RING RD,730644,1.43690908549732,103.801599442682
199298,2025-02,WOODLANDS,4 ROOM,168,WOODLANDS ST 11,01 TO 03,100.0,New Generation,1986,60 years 11 months,525000.0,168 WOODLANDS ST 11,730168,1.43295934850925,103.776737651554
199309,2025-02,WOODLANDS,4 ROOM,344,WOODLANDS ST 32,01 TO 03,84.0,Simplified,1993,67 years 01 month,481000.0,344 WOODLANDS ST 32,730344,1.43207266699216,103.780455054811
199327,2025-02,WOODLANDS,5 ROOM,504,WOODLANDS DR 14,01 TO 03,121.0,Improved,1999,73 years 01 month,613000.0,504 WOODLANDS DR 14,730504,1.4329824226314,103.79106326286
199353,2025-02,WOODLANDS,5 ROOM,783A,WOODLANDS RISE,01 TO 03,113.0,Improved,2018,92 years 07 months,670000.0,783A WOODLANDS RISE,731783,1.44741684010476,103.803741535161
199363,2025-02,WOODLANDS,5 ROOM,801,WOODLANDS ST 81,01 TO 03,121.0,Improved,1989,63 years 10 months,715000.0,801 WOODLANDS ST 81,730801,1.44168228349553,103.785984689784
199374,2025-02,WOODLANDS,EXECUTIVE,684C,WOODLANDS DR 62,04 TO 06,141.0,Premium Apartment,2000,74 years 02 months,780000.0,684C WOODLANDS DR 62,733684,1.44140171851717,103.803998172951
199395,2025-02,YISHUN,3 ROOM,506C,YISHUN AVE 4,04 TO 06,68.0,Model A,2018,92 years 04 months,500000.0,506C YISHUN AVE 4,763506,1.41544596373585,103.840455724763
199402,2025-02,YISHUN,3 ROOM,710,YISHUN AVE 5,04 TO 06,68.0,New Generation,1984,58 years 04 months,400000.0,710 YISHUN AVE 5,760710,1.42821779793313,103.827761264778
199406,2025-02,YISHUN,3 ROOM,399,YISHUN AVE 6,07 TO 09,73.0,Model A,1989,63 years 03 months,450000.0,399 YISHUN AVE 6,760399,1.42752635479796,103.847084233387
199427,2025-02,YISHUN,3 ROOM,145,YISHUN ST 11,07 TO 09,67.0,New Generation,1985,59 years 05 months,420000.0,145 YISHUN ST 11,760145,1.43084061704702,103.831855467796
199428,2025-02,YISHUN,3 ROOM,147,YISHUN ST 11,10 TO 12,67.0,New Generation,1985,59 years 09 months,445000.0,147 YISHUN ST 11,760147,1.4312806628618,103.831829692469
199429,2025-02,YISHUN,3 ROOM,150,YISHUN ST 11,04 TO 06,67.0,New Generation,1985,59 years 03 months,420888.0,150 YISHUN ST 11,760150,1.43096941749525,103.833648678573
199436,2025-02,YISHUN,3 ROOM,235,YISHUN ST 21,10 TO 12,67.0,New Generation,1985,59 years 07 months,400000.0,235 YISHUN ST 21,760235,1.43422889283755,103.838543994351
199445,2025-02,YISHUN,3 ROOM,829,YISHUN ST 81,01 TO 03,73.0,Model A,1988,62 years 02 months,460000.0,829 YISHUN ST 81,760829,1.41454077208263,103.833346442271
199457,2025-02,YISHUN,4 ROOM,428B,YISHUN AVE 11,10 TO 12,92.0,Model A,2015,89 years 03 months,580000.0,428B YISHUN AVE 11,762428,1.42207815400064,103.847233385196
199458,2025-02,YISHUN,4 ROOM,439,YISHUN AVE 11,01 TO 03,84.0,Simplified,1988,62 years 08 months,470000.0,439 YISHUN AVE 11,760439,1.42199326349606,103.84614699943
199471,2025-02,YISHUN,4 ROOM,862,YISHUN AVE 4,04 TO 06,105.0,Model A,1988,62 years 07 months,560000.0,862 YISHUN AVE 4,760862,1.41717564266771,103.839341384551
199482,2025-02,YISHUN,4 ROOM,462C,YISHUN AVE 6,04 TO 06,93.0,Model A,2019,93 years 08 months,595000.0,462C YISHUN AVE 6,763462,1.42756750243707,103.850898727139
199499,2025-02,YISHUN,4 ROOM,314,YISHUN RING RD,10 TO 12,105.0,Model A,1995,69 years 02 months,555000.0,314 YISHUN RING RD,760314,1.4317314171105,103.841752753756
199540,2025-02,YISHUN,5 ROOM,663,YISHUN AVE 4,01 TO 03,121.0,Improved,1987,61 years 09 months,655000.0,663 YISHUN AVE 4,760663,1.41988631262944,103.84005176953
199556,2025-02,YISHUN,5 ROOM,854,YISHUN RING RD,07 TO 09,122.0,Improved,1988,62 years 08 months,730000.0,854 YISHUN RING RD,760854,1.4165969187208,103.837402886205
199568,2025-02,YISHUN,EXECUTIVE,391,YISHUN AVE 6,07 TO 09,146.0,Maisonette,1988,62 years 06 months,913888.0,391 YISHUN AVE 6,760391,1.42946769237362,103.849171432797
196999,2025-02,ANG MO KIO,2 ROOM,174,ANG MO KIO AVE 4,04 TO 06,45.0,Improved,1986,60 years 02 months,335500.0,174 ANG MO KIO AVE 4,560174,1.37509746867904,103.83761896123
197038,2025-02,ANG MO KIO,3 ROOM,129,ANG MO KIO AVE 3,07 TO 09,73.0,New Generation,1979,53 years 01 month,435000.0,129 ANG MO KIO AVE 3,560129,1.36989498895756,103.842059049722
197051,2025-02,ANG MO KIO,3 ROOM,170,ANG MO KIO AVE 4,01 TO 03,69.0,Improved,1986,60 years,460000.0,170 ANG MO KIO AVE 4,560170,1.37400071781295,103.83643153142
197062,2025-02,ANG MO KIO,3 ROOM,182,ANG MO KIO AVE 5,01 TO 03,68.0,New Generation,1981,55 years 04 months,380000.0,182 ANG MO KIO AVE 5,560182,1.37733908523477,103.836472445051
197068,2025-02,ANG MO KIO,3 ROOM,591A,ANG MO KIO ST 51,19 TO 21,68.0,Model A,2019,93 years 02 months,755000.0,591A ANG MO KIO ST 51,561591,1.37093324079314,103.851940766136
197085,2025-02,ANG MO KIO,4 ROOM,113,ANG MO KIO AVE 4,10 TO 12,92.0,New Generation,1978,52 years 01 month,505000.0,113 ANG MO KIO AVE 4,560113,1.37178518125527,103.835965663569
197093,2025-02,ANG MO KIO,4 ROOM,316A,ANG MO KIO ST 31,13 TO 15,95.0,Model A,2006,80 years 03 months,828000.0,316A ANG MO KIO ST 31,562316,1.36476598625413,103.846907899709
197104,2025-02,ANG MO KIO,4 ROOM,596C,ANG MO KIO ST 52,25 TO 27,91.0,Model A,2002,76 years 11 months,900888.0,596C ANG MO KIO ST 52,563596,1.37193571932413,103.85014325987
197158,2025-02,BEDOK,3 ROOM,27,NEW UPP CHANGI RD,01 TO 03,65.0,Improved,1982,56 years 09 months,415000.0,27 NEW UPP CHANGI RD,462027,1.32412432931246,103.934921045772
197188,2025-02,BEDOK,4 ROOM,131,BEDOK RESERVOIR RD,10 TO 12,83.0,Simplified,1987,61 years,608000.0,131 BEDOK RESERVOIR RD,470131,1.3331220560709,103.911711197755
197230,2025-02,BEDOK,EXECUTIVE,643,BEDOK RESERVOIR RD,01 TO 03,142.0,Apartment,1993,67 years 04 months,960000.0,643 BEDOK RESERVOIR RD,410643,1.33091027626006,103.905857348536
197414,2025-02,BUKIT MERAH,3 ROOM,119,BT MERAH VIEW,07 TO 09,65.0,Improved,1983,57 years 01 month,420000.0,119 BT MERAH VIEW,152119,1.28342247684697,103.821068227228
197432,2025-02,BUKIT MERAH,3 ROOM,26A,JLN MEMBINA,16 TO 18,60.0,Model A,2008,83 years,720000.0,26A JLN MEMBINA,162026,1.28306228472371,103.826059892794
197435,2025-02,BUKIT MERAH,3 ROOM,130,KIM TIAN RD,10 TO 12,65.0,Improved,1976,50 years,400000.0,130 KIM TIAN RD,160130,1.28040157426854,103.829278570017
197440,2025-02,BUKIT MERAH,3 ROOM,18,TELOK BLANGAH CRES,10 TO 12,65.0,Improved,1975,49 years 04 months,363000.0,18 TELOK BLANGAH CRES,90018,1.27790984713898,103.822535843622
197484,2025-02,BUKIT MERAH,4 ROOM,127C,KIM TIAN RD,07 TO 09,93.0,Model A,2013,87 years 01 month,988000.0,127C KIM TIAN RD,163127,1.28152280420004,103.830035757166
197497,2025-02,BUKIT MERAH,4 ROOM,90A,TELOK BLANGAH ST 31,10 TO 12,93.0,Model A,2018,92 years 11 months,965000.0,90A TELOK BLANGAH ST 31,101090,1.27773457800288,103.807093263136
197571,2025-02,BUKIT PANJANG,5 ROOM,449,BT PANJANG RING RD,10 TO 12,120.0,Improved,1997,71 years 05 months,605000.0,449 BT PANJANG RING RD,670449,1.38417096583004,103.772386971275
197572,2025-02,BUKIT PANJANG,5 ROOM,611,BT PANJANG RING RD,07 TO 09,110.0,Improved,2002,76 years 05 months,720000.0,611 BT PANJANG RING RD,670611,1.38387209680691,103.761859831513
197603,2025-02,BUKIT PANJANG,EXECUTIVE,107,GANGSA RD,01 TO 03,144.0,Apartment,1987,61 years 08 months,820000.0,107 GANGSA RD,670107,1.37798469700849,103.766714651133
197669,2025-02,CHOA CHU KANG,4 ROOM,220,CHOA CHU KANG CTRL,10 TO 12,104.0,Model A,1990,64 years 02 months,555000.0,220 CHOA CHU KANG CTRL,680220,1.38193301079554,103.745580988412
197677,2025-02,CHOA CHU KANG,4 ROOM,573,CHOA CHU KANG ST 52,04 TO 06,92.0,Model A,2015,89 years,588000.0,573 CHOA CHU KANG ST 52,680573,1.39441682553354,103.745432631111
197743,2025-02,CHOA CHU KANG,EXECUTIVE,525,CHOA CHU KANG ST 51,01 TO 03,142.0,Apartment,1995,69 years 02 months,738888.0,525 CHOA CHU KANG ST 51,680525,1.39150689178146,103.741538653261
197744,2025-02,CHOA CHU KANG,EXECUTIVE,526,CHOA CHU KANG ST 51,07 TO 09,141.0,Apartment,1995,69 years 01 month,785000.0,526 CHOA CHU KANG ST 51,680526,1.39135405427241,103.74189333792
197746,2025-02,CHOA CHU KANG,EXECUTIVE,163,JLN TECK WHYE,19 TO 21,140.0,Apartment,1998,72 years 04 months,860000.0,163 JLN TECK WHYE,680163,1.3809102767137,103.756925824414
197756,2025-02,CLEMENTI,3 ROOM,320,CLEMENTI AVE 4,07 TO 09,67.0,New Generation,1979,53 years 03 months,450000.0,320 CLEMENTI AVE 4,120320,1.316901343761,103.765310715228
197803,2025-02,GEYLANG,3 ROOM,24,BALAM RD,04 TO 06,60.0,Standard,1967,41 years 01 month,310000.0,24 BALAM RD,370024,1.33018852048052,103.887508672167
197826,2025-02,GEYLANG,3 ROOM,95,OLD AIRPORT RD,07 TO 09,56.0,Standard,1969,43 years,350000.0,95 OLD AIRPORT RD,390095,1.30840477810117,103.887347527399
197849,2025-02,GEYLANG,4 ROOM,318,UBI AVE 1,07 TO 09,90.0,Simplified,1985,59 years 07 months,580000.0,318 UBI AVE 1,400318,1.32845731032674,103.903274600324
197855,2025-02,GEYLANG,5 ROOM,337,UBI AVE 1,01 TO 03,127.0,Improved,1985,60 years,590000.0,337 UBI AVE 1,400337,1.32598213953583,103.901513158463
197904,2025-02,HOUGANG,4 ROOM,998B,BUANGKOK CRES,10 TO 12,94.0,Model A,2019,94 years,680000.0,998B BUANGKOK CRES,532998,1.38410075238235,103.88050459967
197932,2025-02,HOUGANG,4 ROOM,507,HOUGANG AVE 8,01 TO 03,84.0,Simplified,1986,60 years 08 months,530000.0,507 HOUGANG AVE 8,530507,1.37240648339621,103.887612440713
197958,2025-02,HOUGANG,5 ROOM,320,HOUGANG AVE 5,10 TO 12,121.0,Improved,1983,57 years 10 months,638000.0,320 HOUGANG AVE 5,530320,1.36626989576509,103.898029449551
197972,2025-02,HOUGANG,5 ROOM,470B,UPP SERANGOON CRES,10 TO 12,112.0,Improved,2015,89 years 04 months,830000.0,470B UPP SERANGOON CRES,532470,1.37893083811935,103.900988286293
198000,2025-02,JURONG EAST,3 ROOM,416,PANDAN GDNS,01 TO 03,74.0,Improved,1982,56 years 04 months,370000.0,416 PANDAN GDNS,600416,1.3210261097978,103.748313133948
198047,2025-02,JURONG WEST,3 ROOM,484,JURONG WEST AVE 1,01 TO 03,67.0,New Generation,1985,59 years 06 months,360000.0,484 JURONG WEST AVE 1,640484,1.34820888556575,103.726357754906
198048,2025-02,JURONG WEST,3 ROOM,503,JURONG WEST AVE 1,04 TO 06,74.0,Model A,1986,60 years 03 months,400000.0,503 JURONG WEST AVE 1,640503,1.34995541462242,103.71770480961
198053,2025-02,JURONG WEST,3 ROOM,457,JURONG WEST ST 41,07 TO 09,73.0,Model A,1984,58 years 04 months,420000.0,457 JURONG WEST ST 41,640457,1.35069822477174,103.720905064522
198096,2025-02,JURONG WEST,4 ROOM,555,JURONG WEST ST 42,07 TO 09,111.0,Model A,1985,59 years 05 months,520000.0,555 JURONG WEST ST 42,640555,1.35366860451456,103.718853145615
198100,2025-02,JURONG WEST,4 ROOM,646,JURONG WEST ST 61,01 TO 03,101.0,Model A,1998,72 years 08 months,523000.0,646 JURONG WEST ST 61,640646,1.33946114326104,103.697110638396
198111,2025-02,JURONG WEST,4 ROOM,738,JURONG WEST ST 75,04 TO 06,105.0,Model A,1995,69 years 07 months,571888.0,738 JURONG WEST ST 75,640738,1.3461618661461,103.700555451498
198125,2025-02,JURONG WEST,4 ROOM,347,KANG CHING RD,10 TO 12,102.0,Model A,1997,71 years 04 months,596000.0,347 KANG CHING RD,610347,1.34050041044276,103.720200006739
198186,2025-02,JURONG WEST,5 ROOM,138D,YUAN CHING RD,19 TO 21,108.0,DBSS,2014,88 years 09 months,905000.0,138D YUAN CHING RD,614138,1.32846031138004,103.723287795397
198212,2025-02,KALLANG/WHAMPOA,3 ROOM,117A,JLN TENTERAM,19 TO 21,67.0,Model A,2017,91 years 11 months,615000.0,117A JLN TENTERAM,321117,1.3282335842715,103.861138402914
198315,2025-02,PASIR RIS,4 ROOM,103,PASIR RIS ST 12,07 TO 09,103.0,Model A,1989,63 years 03 months,440000.0,103 PASIR RIS ST 12,510103,1.36769508123853,103.958404209993
198326,2025-02,PASIR RIS,5 ROOM,184,PASIR RIS ST 11,04 TO 06,123.0,Improved,1993,67 years 07 months,720000.0,184 PASIR RIS ST 11,510184,1.36523251393642,103.960283310204
198398,2025-02,PUNGGOL,4 ROOM,162A,PUNGGOL CTRL,01 TO 03,95.0,Premium Apartment,2004,78 years 04 months,558000.0,162A PUNGGOL CTRL,821162,1.39636616023321,103.914250161058
198424,2025-02,PUNGGOL,4 ROOM,259C,PUNGGOL FIELD,04 TO 06,93.0,Model A,2016,90 years 06 months,630000.0,259C PUNGGOL FIELD,823259,1.40453408581455,103.895665532043
198463,2025-02,PUNGGOL,5 ROOM,174A,EDGEDALE PLAINS,07 TO 09,110.0,Improved,2003,77 years 10 months,668000.0,174A EDGEDALE PLAINS,821174,1.39637824000455,103.911280777695
198472,2025-02,PUNGGOL,5 ROOM,637A,PUNGGOL DR,16 TO 18,112.0,Premium Apartment,2005,79 years 01 month,705000.0,637A PUNGGOL DR,821637,1.39969367240436,103.91459704801
198480,2025-02,PUNGGOL,5 ROOM,203B,PUNGGOL FIELD,13 TO 15,110.0,Improved,2004,78 years 11 months,730000.0,203B PUNGGOL FIELD,822203,1.39804841532732,103.903476518046
198504,2025-02,QUEENSTOWN,3 ROOM,91,C'WEALTH DR,01 TO 03,60.0,Standard,1967,41 years,340000.0,91 C'WEALTH DR,140091,1.30587034566154,103.799763604345
198583,2025-02,SEMBAWANG,2 ROOM,132C,CANBERRA VIEW,10 TO 12,47.0,Model A,2020,94 years 08 months,420000.0,132C CANBERRA VIEW,753132,1.44267376186975,103.8309577035
198603,2025-02,SEMBAWANG,4 ROOM,359,ADMIRALTY DR,13 TO 15,95.0,Premium Apartment,2001,75 years 08 months,592000.0,359 ADMIRALTY DR,750359,1.44970819589157,103.815865172184
198619,2025-02,SEMBAWANG,4 ROOM,308,CANBERRA RD,07 TO 09,100.0,Model A,1998,73 years,580000.0,308 CANBERRA RD,750308,1.44632693492685,103.821744465946
198698,2025-02,SEMBAWANG,5 ROOM,509A,WELLINGTON CIRCLE,01 TO 03,110.0,Improved,2004,78 years 08 months,580000.0,509A WELLINGTON CIRCLE,751509,1.45308000905079,103.820743432328
198714,2025-02,SENGKANG,2 ROOM,441C,FERNVALE RD,16 TO 18,50.0,Model A,2012,86 years 02 months,390000.0,441C FERNVALE RD,793441,1.39220060795463,103.874778712417
198742,2025-02,SENGKANG,3 ROOM,448A,SENGKANG WEST WAY,19 TO 21,67.0,Model A,2014,88 years 07 months,535000.0,448A SENGKANG WEST WAY,791448,1.39293649855269,103.87299848136
198760,2025-02,SENGKANG,4 ROOM,351D,ANCHORVALE RD,10 TO 12,92.0,Model A,2019,93 years 05 months,680000.0,351D ANCHORVALE RD,544351,1.39368506050731,103.886407477755
198780,2025-02,SENGKANG,4 ROOM,202,COMPASSVALE DR,01 TO 03,85.0,Model A2,2001,75 years 07 months,565000.0,202 COMPASSVALE DR,540202,1.3886081297452,103.893259995509
198832,2025-02,SENGKANG,4 ROOM,157C,RIVERVALE CRES,01 TO 03,91.0,Premium Apartment,2003,77 years 10 months,520000.0,157C RIVERVALE CRES,543157,1.38775850187872,103.907729091751
198882,2025-02,SENGKANG,5 ROOM,440B,FERNVALE LINK,22 TO 24,113.0,Improved,2015,89 years 06 months,814000.0,440B FERNVALE LINK,792440,1.39329062882167,103.878138964178
198909,2025-02,SENGKANG,5 ROOM,121C,SENGKANG EAST WAY,04 TO 06,110.0,Improved,2000,74 years 08 months,632000.0,121C SENGKANG EAST WAY,543121,1.38629426559838,103.905380700368
198919,2025-02,SENGKANG,5 ROOM,458B,SENGKANG WEST RD,04 TO 06,113.0,Improved,2020,94 years 09 months,798000.0,458B SENGKANG WEST RD,792458,1.39293801208567,103.870196701638
198927,2025-02,SENGKANG,EXECUTIVE,250B,COMPASSVALE ST,04 TO 06,131.0,Apartment,2000,74 years 07 months,750000.0,250B COMPASSVALE ST,542250,1.39224633613012,103.899789895565
198936,2025-02,SERANGOON,4 ROOM,407,SERANGOON AVE 1,07 TO 09,109.0,Model A,1989,63 years 03 months,910000.0,407 SERANGOON AVE 1,550407,1.34718613034606,103.872968182223
198937,2025-02,SERANGOON,4 ROOM,407,SERANGOON AVE 1,10 TO 12,106.0,Model A,1989,63 years 03 months,743000.0,407 SERANGOON AVE 1,550407,1.34718613034606,103.872968182223
198990,2025-02,TAMPINES,3 ROOM,226,TAMPINES ST 23,04 TO 06,73.0,Model A,1985,59 years 03 months,455888.0,226 TAMPINES ST 23,521226,1.35551796009099,103.954009189132
199016,2025-02,TAMPINES,4 ROOM,136,SIMEI ST 1,04 TO 06,84.0,Simplified,1988,62 years 09 months,560000.0,136 SIMEI ST 1,520136,1.34793607242033,103.956339808271
199079,2025-02,TAMPINES,4 ROOM,449,TAMPINES ST 42,10 TO 12,103.0,Model A,1985,59 years 05 months,630000.0,449 TAMPINES ST 42,520449,1.35702424225032,103.951054363893
199110,2025-02,TAMPINES,5 ROOM,154,SIMEI ST 1,01 TO 03,122.0,Improved,1988,62 years 02 months,750000.0,154 SIMEI ST 1,520154,1.34480692542205,103.956996641927
199174,2025-02,TAMPINES,EXECUTIVE,315,TAMPINES ST 33,04 TO 06,147.0,Apartment,1993,67 years 07 months,868000.0,315 TAMPINES ST 33,520315,1.35214170002867,103.957447937175
199175,2025-02,TAMPINES,EXECUTIVE,427,TAMPINES ST 41,07 TO 09,154.0,Maisonette,1986,60 years 04 months,955000.0,427 TAMPINES ST 41,520427,1.35954388945989,103.948530438356
199213,2025-02,TOA PAYOH,3 ROOM,117,POTONG PASIR AVE 1,10 TO 12,67.0,New Generation,1984,58 years 10 months,440000.0,117 POTONG PASIR AVE 1,350117,1.33600825252357,103.863020849819
199243,2025-02,TOA PAYOH,4 ROOM,84,LOR 2 TOA PAYOH,10 TO 12,105.0,Model A,1997,71 years 04 months,905000.0,84 LOR 2 TOA PAYOH,310084,1.33522145763857,103.847653597573
199255,2025-02,TOA PAYOH,4 ROOM,79A,TOA PAYOH CTRL,28 TO 30,76.0,Model A,2009,83 years 03 months,875000.0,79A TOA PAYOH CTRL,311079,1.33453129537675,103.847565695822
199256,2025-02,TOA PAYOH,4 ROOM,79A,TOA PAYOH CTRL,31 TO 33,91.0,Model A,2009,83 years 03 months,1033133.0,79A TOA PAYOH CTRL,311079,1.33453129537675,103.847565695822
199257,2025-02,TOA PAYOH,4 ROOM,79E,TOA PAYOH CTRL,37 TO 39,90.0,Model A,2009,83 years 04 months,990000.0,79E TOA PAYOH CTRL,315079,1.33472713626235,103.849822984337
199276,2025-02,TOA PAYOH,5 ROOM,6,LOR 7 TOA PAYOH,01 TO 03,121.0,Improved,1998,72 years 09 months,842800.0,6 LOR 7 TOA PAYOH,310006,1.33858279721249,103.85719237771
199285,2025-02,WOODLANDS,2 ROOM,780B,WOODLANDS CRES,10 TO 12,47.0,Model A,2015,89 years 06 months,348000.0,780B WOODLANDS CRES,732780,1.448942460118,103.801016266355
199318,2025-02,WOODLANDS,4 ROOM,123,MARSILING RISE,04 TO 06,98.0,New Generation,1985,60 years,500000.0,123 MARSILING RISE,730123,1.43911242302221,103.778949135126
199349,2025-02,WOODLANDS,4 ROOM,579,WOODLANDS DR 16,07 TO 09,90.0,Model A,2001,75 years 03 months,545000.0,579 WOODLANDS DR 16,730579,1.43071319275918,103.795708910476
199360,2025-02,WOODLANDS,4 ROOM,554,WOODLANDS DR 53,07 TO 09,90.0,Model A2,1999,73 years 11 months,520000.0,554 WOODLANDS DR 53,730554,1.43210416367253,103.796490812112
199379,2025-02,WOODLANDS,4 ROOM,630,WOODLANDS RING RD,10 TO 12,101.0,Model A,1998,72 years 08 months,565000.0,630 WOODLANDS RING RD,730630,1.43459740049636,103.801501088314
199415,2025-02,WOODLANDS,5 ROOM,507,WOODLANDS DR 14,07 TO 09,124.0,Improved,1999,73 years,688000.0,507 WOODLANDS DR 14,730507,1.43176924442597,103.790935226101
199425,2025-02,WOODLANDS,5 ROOM,894B,WOODLANDS DR 50,04 TO 06,119.0,Improved,1996,70 years 10 months,650000.0,894B WOODLANDS DR 50,731894,1.43600943919705,103.789507492911
199431,2025-02,WOODLANDS,5 ROOM,673,WOODLANDS DR 71,10 TO 12,110.0,Improved,2000,74 years 06 months,692500.0,673 WOODLANDS DR 71,730673,1.43918808232966,103.800067933684
199440,2025-02,WOODLANDS,5 ROOM,688E,WOODLANDS DR 75,10 TO 12,110.0,Premium Apartment,2004,78 years 02 months,618000.0,688E WOODLANDS DR 75,735688,1.44381513960749,103.807945069315
199494,2025-02,YISHUN,3 ROOM,704,YISHUN AVE 5,07 TO 09,68.0,New Generation,1984,58 years 01 month,450000.0,704 YISHUN AVE 5,760704,1.42923420821389,103.828880603195
199522,2025-02,YISHUN,3 ROOM,151,YISHUN ST 11,04 TO 06,67.0,New Generation,1985,59 years 02 months,420000.0,151 YISHUN ST 11,760151,1.4308063369681,103.83426814362
199532,2025-02,YISHUN,3 ROOM,468A,YISHUN ST 43,07 TO 09,67.0,Model A,2019,93 years 11 months,480000.0,468A YISHUN ST 43,761468,1.42532389372284,103.851843638346
199538,2025-02,YISHUN,3 ROOM,728,YISHUN ST 71,01 TO 03,64.0,Simplified,1987,61 years 01 month,405000.0,728 YISHUN ST 71,760728,1.4257896294341,103.830526963765
199614,2025-02,YISHUN,4 ROOM,502D,YISHUN ST 51,01 TO 03,92.0,Model A,2018,92 years 01 month,585000.0,502D YISHUN ST 51,764502,1.41733258969906,103.840861112656
199615,2025-02,YISHUN,4 ROOM,511B,YISHUN ST 51,04 TO 06,93.0,Model A,2017,91 years 08 months,580000.0,511B YISHUN ST 51,762511,1.41560014502104,103.84241412452
199634,2025-02,YISHUN,5 ROOM,770,YISHUN AVE 3,01 TO 03,122.0,Improved,1986,60 years 09 months,628000.0,770 YISHUN AVE 3,760770,1.42448626001165,103.832251391777
199655,2025-02,YISHUN,5 ROOM,367,YISHUN RING RD,01 TO 03,122.0,Improved,1988,62 years 07 months,645000.0,367 YISHUN RING RD,760367,1.42959194827855,103.845121454277
199670,2025-02,YISHUN,EXECUTIVE,364,YISHUN RING RD,01 TO 03,145.0,Maisonette,1988,62 years 03 months,860000.0,364 YISHUN RING RD,760364,1.42904594086189,103.844621567434
199672,2025-02,YISHUN,EXECUTIVE,723,YISHUN ST 71,07 TO 09,146.0,Maisonette,1986,60 years 05 months,818888.0,723 YISHUN ST 71,760723,1.42601954522146,103.82993946372
