_id,month,town,flat_type,block,street_name,storey_range,floor_area_sqm,flat_model,lease_commence_date,remaining_lease,resale_price,address,postal,latitude,longitude,_ts
230335,2026-08,PUNGGOL,4 ROOM,171A,EDGEDALE PLAINS,10 TO 12,86.0,Model A,2004,76 years 06 months,610000.0,171A EDGEDALE PLAINS,821171,1.39463078246783,103.912293852531,2026-08-07
232306,2026-08,SENGKANG,4 ROOM,355A,ANCHORVALE LANE,07 TO 09,93.0,Model A,2021,93 years 07 months,688000.0,355A ANCHORVALE LANE,541355,1.39296872192969,103.885107193078,2026-08-07
232747,2026-08,SENGKANG,4 ROOM,271C,SENGKANG CTRL,07 TO 09,93.0,Premium Apartment,2010,82 years 10 months,810000.0,271C SENGKANG CTRL,543271,1.38501243481986,103.89441489532,2026-08-07
232725,2026-08,SENGKANG,4 ROOM,128,RIVERVALE ST,10 TO 12,101.0,Model A,1999,71 years 11 months,595000.0,128 RIVERVALE ST,540128,1.39049049629367,103.902688503849,2026-08-07
232694,2026-08,SENGKANG,4 ROOM,157A,RIVERVALE CRES,01 TO 03,90.0,Premium Apartment,2003,76 years 03 months,500888.0,157A RIVERVALE CRES,541157,1.38785512397153,103.908392900982,2026-08-07
232693,2026-08,SENGKANG,4 ROOM,185B,RIVERVALE CRES,13 TO 15,85.0,Model A2,2000,73 years 05 months,600000.0,185B RIVERVALE CRES,542185,1.39288807322396,103.906920778538,2026-08-07
232629,2026-08,SENGKANG,4 ROOM,445A,FERNVALE RD,22 TO 24,95.0,Model A,2012,85 years 04 months,670000.0,445A FERNVALE RD,791445,1.39222013843694,103.874409781406,2026-08-07
232628,2026-08,SENGKANG,4 ROOM,441A,FERNVALE RD,04 TO 06,93.0,Model A,2012,84 years 07 months,592000.0,441A FERNVALE RD,791441,1.39109783626622,103.875166223525,2026-08-07
232627,2026-08,SENGKANG,4 ROOM,410B,FERNVALE RD,16 TO 18,95.0,Premium Apartment,2012,85 years 04 months,630000.0,410B FERNVALE RD,792410,1.38978938889476,103.876096713603,2026-08-07
232473,2026-08,SENGKANG,4 ROOM,265C,COMPASSVALE LINK,04 TO 06,92.0,Premium Apartment,2008,80 years 10 months,718000.0,265C COMPASSVALE LINK,543265,1.38208859905342,103.895967834108,2026-08-07
232361,2026-08,SENGKANG,4 ROOM,329B,ANCHORVALE ST,13 TO 15,93.0,Model A,2015,88 years 01 month,708000.0,329B ANCHORVALE ST,542329,1.39576281508857,103.889466805657,2026-08-07
232354,2026-08,SENGKANG,4 ROOM,351A,ANCHORVALE RD,13 TO 15,92.0,Model A,2019,91 years 10 months,708000.0,351A ANCHORVALE RD,541351,1.39415324906972,103.886573936192,2026-08-07
232329,2026-08,SENGKANG,4 ROOM,306A,ANCHORVALE LINK,16 TO 18,90.0,Model A,2002,74 years 09 months,560000.0,306A ANCHORVALE LINK,541306,1.39017967183099,103.889048649412,2026-08-07
232328,2026-08,SENGKANG,4 ROOM,332A,ANCHORVALE LINK,07 TO 09,92.0,Model A,2015,87 years 11 months,670000.0,332A ANCHORVALE LINK,541332,1.39532164438575,103.891136801306,2026-08-07
232263,2026-08,SENGKANG,3 ROOM,455A,SENGKANG WEST AVE,07 TO 09,68.0,Model A,2020,93 years 03 months,543000.0,455A SENGKANG WEST AVE,791455,1.39157665293201,103.870444622949,2026-08-07
233708,2026-08,TAMPINES,4 ROOM,109,SIMEI ST 1,07 TO 09,104.0,Model A,1988,61 years 03 months,643000.0,109 SIMEI ST 1,520109,1.34225792802261,103.950128354135,2026-08-07
232182,2026-08,SENGKANG,3 ROOM,334B,ANCHORVALE CRES,16 TO 18,67.0,Premium Apartment,2015,88 years 06 months,555000.0,334B ANCHORVALE CRES,542334,1.39846172684413,103.889969214694,2026-08-07
232178,2026-08,SENGKANG,2 ROOM,457B,SENGKANG WEST RD,01 TO 03,48.0,2-room,2020,93 years 02 months,380000.0,457B SENGKANG WEST RD,792457,1.39242177196708,103.870777707872,2026-08-07
232147,2026-08,SENGKANG,2 ROOM,467A,FERNVALE LINK,04 TO 06,47.0,Model A,2016,89 years 01 month,363000.0,467A FERNVALE LINK,791467,1.39798359035227,103.8784589917,2026-08-07
232136,2026-08,SENGKANG,2 ROOM,353A,ANCHORVALE LANE,07 TO 09,47.0,2-room,2021,93 years 07 months,398000.0,353A ANCHORVALE LANE,541353,1.39380650147896,103.885615916234,2026-08-07
232098,2026-08,SEMBAWANG,5 ROOM,507A,WELLINGTON CIRCLE,01 TO 03,110.0,Improved,2001,74 years 05 months,588000.0,507A WELLINGTON CIRCLE,751507,1.4527308013707,103.823966895951,2026-08-07
232047,2026-08,SEMBAWANG,5 ROOM,589B,MONTREAL DR,04 TO 06,110.0,Improved,2002,75 years 05 months,586000.0,589B MONTREAL DR,752589,1.44967865537361,103.825477345733,2026-08-07
232038,2026-08,SEMBAWANG,5 ROOM,126B,CANBERRA ST,10 TO 12,113.0,Improved,2021,93 years 06 months,856888.0,126B CANBERRA ST,752126,1.44560242235984,103.835161882332,2026-08-07
232037,2026-08,SEMBAWANG,5 ROOM,121A,CANBERRA ST,04 TO 06,113.0,Improved,2018,90 years 06 months,781388.0,121A CANBERRA ST,751121,1.4476018660383,103.833517820559,2026-08-07
232036,2026-08,SEMBAWANG,5 ROOM,129C,CANBERRA ST,01 TO 03,113.0,Improved,2018,91 years 03 months,745000.0,129C CANBERRA ST,753129,1.44420165808041,103.833186562603,2026-08-07
232019,2026-08,SEMBAWANG,5 ROOM,421,CANBERRA RD,04 TO 06,110.0,Improved,2001,73 years 08 months,598000.0,421 CANBERRA RD,750421,1.45299061364993,103.818532777338,2026-08-07
232009,2026-08,SEMBAWANG,5 ROOM,119B,CANBERRA CRES,07 TO 09,113.0,Improved,2018,90 years 07 months,803000.0,119B CANBERRA CRES,752119,1.44637013931729,103.831574876885,2026-08-07
231980,2026-08,SEMBAWANG,5 ROOM,468B,ADMIRALTY DR,01 TO 03,118.0,Premium Apartment,2001,73 years 10 months,578000.0,468B ADMIRALTY DR,752468,1.45000861656514,103.814110899773,2026-08-07
232748,2026-08,SENGKANG,4 ROOM,271A,SENGKANG CTRL,07 TO 09,93.0,Premium Apartment,2010,82 years 10 months,795000.0,271A SENGKANG CTRL,541271,1.38595588536248,103.894654799481,2026-08-07
232802,2026-08,SENGKANG,4 ROOM,450A,SENGKANG WEST WAY,16 TO 18,92.0,Model A,2014,87 years,635000.0,450A SENGKANG WEST WAY,791450,1.39446814841577,103.873506723327,2026-08-07
232820,2026-08,SENGKANG,5 ROOM,338D,ANCHORVALE CRES,16 TO 18,113.0,Improved,2018,90 years 10 months,880000.0,338D ANCHORVALE CRES,544338,1.39970005035247,103.888714059734,2026-08-07
232872,2026-08,SENGKANG,5 ROOM,303A,ANCHORVALE LINK,13 TO 15,110.0,Improved,2001,74 years 01 month,688000.0,303A ANCHORVALE LINK,541303,1.38707886249558,103.890776480517,2026-08-07
233661,2026-08,TAMPINES,3 ROOM,899A,TAMPINES ST 81,07 TO 09,74.0,Model A,1988,61 years 01 month,500000.0,899A TAMPINES ST 81,521899,1.34632473579465,103.935008515937,2026-08-07
233627,2026-08,TAMPINES,3 ROOM,462,TAMPINES ST 44,07 TO 09,64.0,Simplified,1987,60 years,450000.0,462 TAMPINES ST 44,520462,1.35901318117916,103.955111125309,2026-08-07
233620,2026-08,TAMPINES,3 ROOM,477,TAMPINES ST 43,01 TO 03,64.0,Simplified,1993,66 years,415000.0,477 TAMPINES ST 43,520477,1.36092155092893,103.952892124796,2026-08-07
233571,2026-08,TAMPINES,3 ROOM,295,TAMPINES ST 22,04 TO 06,73.0,Model A,1984,56 years 08 months,435888.0,295 TAMPINES ST 22,520295,1.35078046855695,103.954999561007,2026-08-07
233554,2026-08,TAMPINES,3 ROOM,271,TAMPINES ST 21,01 TO 03,75.0,Model A,1984,57 years 03 months,440000.0,271 TAMPINES ST 21,520271,1.34980832347153,103.949577963482,2026-08-07
233512,2026-08,TAMPINES,3 ROOM,150,TAMPINES ST 12,10 TO 12,73.0,Model A,1984,56 years 11 months,560000.0,150 TAMPINES ST 12,521150,1.35094609975013,103.943260115057,2026-08-07
233506,2026-08,TAMPINES,3 ROOM,113,TAMPINES ST 11,01 TO 03,79.0,Model A,1982,55 years,430000.0,113 TAMPINES ST 11,521113,1.34647851722058,103.946176771298,2026-08-07
233463,2026-08,TAMPINES,3 ROOM,868A,TAMPINES AVE 8,10 TO 12,67.0,Model A,2015,87 years 11 months,608000.0,868A TAMPINES AVE 8,521868,1.35544681770999,103.932544278099,2026-08-07
233441,2026-08,TAMPINES,2 ROOM,499A,TAMPINES AVE 9,04 TO 06,46.0,Model A,2014,86 years 08 months,417588.0,499A TAMPINES AVE 9,521499,1.35898074323,103.955770191568,2026-08-07
233351,2026-08,SERANGOON,4 ROOM,109,SERANGOON NTH AVE 1,07 TO 09,91.0,New Generation,1985,57 years 10 months,570000.0,109 SERANGOON NTH AVE 1,550109,1.36943351823831,103.870511407041,2026-08-07
233288,2026-08,SERANGOON,4 ROOM,407,SERANGOON AVE 1,10 TO 12,104.0,Model A,1989,61 years 08 months,895000.0,407 SERANGOON AVE 1,550407,1.34718613034606,103.872968182223,2026-08-07
233243,2026-08,SERANGOON,3 ROOM,303,SERANGOON AVE 2,04 TO 06,69.0,Improved,1984,57 years 05 months,480000.0,303 SERANGOON AVE 2,550303,1.35349356621383,103.867045529778,2026-08-07
233189,2026-08,SENGKANG,EXECUTIVE,262B,COMPASSVALE ST,01 TO 03,130.0,Apartment,2001,73 years 09 months,810000.0,262B COMPASSVALE ST,542262,1.39510005315112,103.895470505301,2026-08-07
233174,2026-08,SENGKANG,EXECUTIVE,203D,COMPASSVALE RD,01 TO 03,130.0,Apartment,2001,73 years 07 months,810000.0,203D COMPASSVALE RD,544203,1.38721445178077,103.895525257108,2026-08-07
233165,2026-08,SENGKANG,EXECUTIVE,310A,ANCHORVALE RD,16 TO 18,126.0,Premium Apartment,2003,75 years 06 months,845000.0,310A ANCHORVALE RD,541310,1.3909053148199,103.885024959643,2026-08-07
233103,2026-08,SENGKANG,5 ROOM,127,RIVERVALE ST,10 TO 12,120.0,Improved,1999,72 years,680000.0,127 RIVERVALE ST,540127,1.39059360318199,103.902213493166,2026-08-07
233095,2026-08,SENGKANG,5 ROOM,186C,RIVERVALE DR,04 TO 06,110.0,Improved,2001,73 years 06 months,630000.0,186C RIVERVALE DR,543186,1.39286345501083,103.905070419158,2026-08-07
233094,2026-08,SENGKANG,5 ROOM,144,RIVERVALE DR,07 TO 09,116.0,Improved,1999,72 years 05 months,630000.0,144 RIVERVALE DR,540144,1.3891697231591,103.905930313783,2026-08-07
233093,2026-08,SENGKANG,5 ROOM,188B,RIVERVALE DR,07 TO 09,115.0,Improved,2000,73 years 01 month,640000.0,188B RIVERVALE DR,542188,1.39454068651965,103.905458975406,2026-08-07
233016,2026-08,SENGKANG,5 ROOM,416B,FERNVALE LINK,07 TO 09,113.0,Improved,2016,88 years 06 months,850000.0,416B FERNVALE LINK,792416,1.39048519034443,103.880509545623,2026-08-07
233015,2026-08,SENGKANG,5 ROOM,440B,FERNVALE LINK,16 TO 18,113.0,Improved,2015,88 years,775000.0,440B FERNVALE LINK,792440,1.39329062882167,103.878138964178,2026-08-07
232911,2026-08,SENGKANG,5 ROOM,296B,COMPASSVALE CRES,10 TO 12,110.0,Improved,2002,74 years 06 months,650000.0,296B COMPASSVALE CRES,542296,1.3976389016057,103.899287408404,2026-08-07
232894,2026-08,SENGKANG,5 ROOM,274B,COMPASSVALE BOW,10 TO 12,113.0,Improved,2017,90 years 04 months,1040000.0,274B COMPASSVALE BOW,542274,1.38192277086883,103.890875719274,2026-08-07
232884,2026-08,SENGKANG,5 ROOM,313B,ANCHORVALE RD,10 TO 12,110.0,Premium Apartment,2003,76 years 01 month,660000.0,313B ANCHORVALE RD,542313,1.39134850373845,103.888012432395,2026-08-07
232873,2026-08,SENGKANG,5 ROOM,306A,ANCHORVALE LINK,01 TO 03,110.0,Improved,2002,74 years 09 months,603888.0,306A ANCHORVALE LINK,541306,1.39017967183099,103.889048649412,2026-08-07
231952,2026-08,SEMBAWANG,4 ROOM,477,SEMBAWANG DR,01 TO 03,88.0,Model A2,2000,73 years,483000.0,477 SEMBAWANG DR,750477,1.45208461891806,103.816554224473,2026-08-07
231951,2026-08,SEMBAWANG,4 ROOM,474,SEMBAWANG DR,10 TO 12,90.0,Model A,2000,73 years 03 months,535000.0,474 SEMBAWANG DR,750474,1.4507121028977,103.816543560672,2026-08-07
231927,2026-08,SEMBAWANG,4 ROOM,366A,SEMBAWANG CRES,04 TO 06,93.0,Model A,2019,91 years 09 months,608688.0,366A SEMBAWANG CRES,751366,1.4438005069825,103.816211984803,2026-08-07
231080,2026-08,PUNGGOL,5 ROOM,310A,PUNGGOL WALK,10 TO 12,112.0,Premium Apartment,2016,88 years 11 months,885000.0,310A PUNGGOL WALK,821310,1.40870088870466,103.901326604714,2026-08-07
230993,2026-08,PUNGGOL,5 ROOM,659A,PUNGGOL EAST,10 TO 12,113.0,Improved,2018,91 years 04 months,840000.0,659A PUNGGOL EAST,821659,1.40057277879052,103.919657048683,2026-08-07
230959,2026-08,PUNGGOL,5 ROOM,165B,PUNGGOL CTRL,10 TO 12,114.0,Premium Apartment,2004,76 years 11 months,730000.0,165B PUNGGOL CTRL,822165,1.39512803214592,103.914467126167,2026-08-07
230933,2026-08,PUNGGOL,5 ROOM,409A,NORTHSHORE DR,07 TO 09,112.0,Improved,2021,93 years 10 months,815000.0,409A NORTHSHORE DR,821409,1.41721444322017,103.902200329239,2026-08-07
230932,2026-08,PUNGGOL,5 ROOM,420B,NORTHSHORE DR,04 TO 06,115.0,Improved,2022,94 years 06 months,985000.0,420B NORTHSHORE DR,822420,1.4186531330314,103.901912547383,2026-08-07
230870,2026-08,PUNGGOL,5 ROOM,662D,EDGEDALE PLAINS,04 TO 06,112.0,Premium Apartment,2017,89 years 10 months,823000.0,662D EDGEDALE PLAINS,824662,1.40167255995228,103.918002836686,2026-08-07
230869,2026-08,PUNGGOL,5 ROOM,109D,EDGEDALE PLAINS,10 TO 12,110.0,Improved,2003,75 years 10 months,613888.0,109D EDGEDALE PLAINS,824109,1.39552991291305,103.908859627789,2026-08-07
230831,2026-08,PUNGGOL,4 ROOM,217C,SUMANG WALK,07 TO 09,92.0,Model A,2017,90 years,641888.0,217C SUMANG WALK,823217,1.402358510003,103.895494110668,2026-08-07
230808,2026-08,PUNGGOL,4 ROOM,313C,SUMANG LINK,10 TO 12,92.0,Model A,2015,87 years 11 months,708000.0,313C SUMANG LINK,823313,1.41062885103467,103.901551852458,2026-08-07
230798,2026-08,PUNGGOL,4 ROOM,224C,SUMANG LANE,10 TO 12,93.0,Model A,2018,91 years 05 months,680000.0,224C SUMANG LANE,823224,1.40150839589079,103.894127051818,2026-08-07
230797,2026-08,PUNGGOL,4 ROOM,233B,SUMANG LANE,01 TO 03,93.0,Model A,2018,91 years 04 months,576000.0,233B SUMANG LANE,822233,1.40181105531617,103.890815263088,2026-08-07
230762,2026-08,PUNGGOL,4 ROOM,314A,PUNGGOL WAY,10 TO 12,93.0,Premium Apartment,2017,90 years 02 months,730000.0,314A PUNGGOL WAY,821314,1.40826187839775,103.898017940475,2026-08-07
230733,2026-08,PUNGGOL,4 ROOM,271D,PUNGGOL WALK,13 TO 15,93.0,Premium Apartment,2014,86 years 09 months,790000.0,271D PUNGGOL WALK,824271,1.40351432588188,103.90089026171,2026-08-07
230732,2026-08,PUNGGOL,4 ROOM,272D,PUNGGOL WALK,04 TO 06,92.0,Premium Apartment,2014,86 years 09 months,780000.0,272D PUNGGOL WALK,824272,1.40273347530835,103.90046347534,2026-08-07
230657,2026-08,PUNGGOL,4 ROOM,288C,PUNGGOL PL,16 TO 18,96.0,Premium Apartment,2013,85 years 08 months,784888.0,288C PUNGGOL PL,823288,1.40255090260619,103.903557130195,2026-08-07
230611,2026-08,PUNGGOL,4 ROOM,128A,PUNGGOL FIELD WALK,01 TO 03,85.0,Model A,2003,76 years,526888.0,128A PUNGGOL FIELD WALK,821128,1.39354226277371,103.912428475975,2026-08-07
230610,2026-08,PUNGGOL,4 ROOM,259B,PUNGGOL FIELD,04 TO 06,93.0,Model A,2016,88 years 11 months,638000.0,259B PUNGGOL FIELD,822259,1.40387830838582,103.895238808655,2026-08-07
230609,2026-08,PUNGGOL,4 ROOM,269C,PUNGGOL FIELD,04 TO 06,93.0,Premium Apartment,2013,85 years 06 months,635000.0,269C PUNGGOL FIELD,823269,1.40365203255171,103.898531601376,2026-08-07
230608,2026-08,PUNGGOL,4 ROOM,168C,PUNGGOL FIELD,13 TO 15,92.0,Model A,2014,86 years 09 months,656888.0,168C PUNGGOL FIELD,823168,1.39390315065765,103.913776841169,2026-08-07
230550,2026-08,PUNGGOL,4 ROOM,612D,PUNGGOL DR,07 TO 09,93.0,Model A,2012,85 years 05 months,643888.0,612D PUNGGOL DR,824612,1.40472652611435,103.907623552659,2026-08-07
230474,2026-08,PUNGGOL,4 ROOM,622C,PUNGGOL CTRL,16 TO 18,94.0,Model A,2014,86 years 09 months,660000.0,622C PUNGGOL CTRL,823622,1.4006620149821,103.910914385755,2026-08-07
230473,2026-08,PUNGGOL,4 ROOM,602B,PUNGGOL CTRL,07 TO 09,93.0,Model A,2012,85 years,680000.0,602B PUNGGOL CTRL,822602,1.40301276677721,103.906863540581,2026-08-07
230444,2026-08,PUNGGOL,4 ROOM,409B,NORTHSHORE DR,04 TO 06,94.0,Model A,2021,93 years 11 months,660000.0,409B NORTHSHORE DR,822409,1.41758014529069,103.902672012959,2026-08-07
230443,2026-08,PUNGGOL,4 ROOM,409C,NORTHSHORE DR,04 TO 06,94.0,Model A,2021,93 years 10 months,640000.0,409C NORTHSHORE DR,823409,1.41773804355261,103.902933742014,2026-08-07
230442,2026-08,PUNGGOL,4 ROOM,408A,NORTHSHORE DR,19 TO 21,94.0,Model A,2021,93 years 10 months,760000.0,408A NORTHSHORE DR,821408,1.41694537672572,103.902802098058,2026-08-07
230441,2026-08,PUNGGOL,4 ROOM,415C,NORTHSHORE DR,01 TO 03,94.0,Model A,2022,94 years 06 months,830000.0,415C NORTHSHORE DR,823415,1.41744806971584,103.900302527175,2026-08-07
231079,2026-08,PUNGGOL,5 ROOM,308A,PUNGGOL WALK,16 TO 18,112.0,Premium Apartment,2016,88 years 08 months,935000.0,308A PUNGGOL WALK,821308,1.40776143065745,103.900998963843,2026-08-07
231081,2026-08,PUNGGOL,5 ROOM,310C,PUNGGOL WALK,13 TO 15,112.0,Premium Apartment,2016,88 years 11 months,865888.0,310C PUNGGOL WALK,823310,1.40971096118277,103.899898384977,2026-08-07
231879,2026-08,SEMBAWANG,4 ROOM,108C,CANBERRA WALK,04 TO 06,93.0,Model A,2018,90 years 10 months,650000.0,108C CANBERRA WALK,753108,1.44735330149199,103.831796158318,2026-08-07
231124,2026-08,PUNGGOL,EXECUTIVE,115,EDGEFIELD PLAINS,16 TO 18,129.0,Premium Apartment,2003,75 years 11 months,860000.0,115 EDGEFIELD PLAINS,820115,1.39512854654351,103.907258380479,2026-08-07
231863,2026-08,SEMBAWANG,4 ROOM,104C,CANBERRA ST,04 TO 06,93.0,Model A,2018,91 years,605000.0,104C CANBERRA ST,753104,1.44970999451163,103.831775965127,2026-08-07
231862,2026-08,SEMBAWANG,4 ROOM,128B,CANBERRA ST,07 TO 09,93.0,Model A,2018,91 years 03 months,630000.0,128B CANBERRA ST,752128,1.44514889153347,103.833925659353,2026-08-07
231796,2026-08,SEMBAWANG,4 ROOM,120A,CANBERRA CRES,04 TO 06,93.0,Model A,2018,90 years 07 months,708000.0,120A CANBERRA CRES,751120,1.446140802959,103.832236151361,2026-08-07
231795,2026-08,SEMBAWANG,4 ROOM,116A,CANBERRA CRES,07 TO 09,95.0,Model A,2020,92 years 10 months,790000.0,116A CANBERRA CRES,751116,1.44537906713915,103.830020383661,2026-08-07
231794,2026-08,SEMBAWANG,4 ROOM,119A,CANBERRA CRES,04 TO 06,93.0,Model A,2018,90 years 07 months,665000.0,119A CANBERRA CRES,751119,1.44604755101014,103.831125256006,2026-08-07
231793,2026-08,SEMBAWANG,4 ROOM,116A,CANBERRA CRES,07 TO 09,92.0,Model A,2020,92 years 10 months,792000.0,116A CANBERRA CRES,751116,1.44537906713915,103.830020383661,2026-08-07
231792,2026-08,SEMBAWANG,4 ROOM,120B,CANBERRA CRES,07 TO 09,93.0,Model A,2018,90 years 07 months,692000.0,120B CANBERRA CRES,752120,1.44629377124154,103.83270384797,2026-08-07
231756,2026-08,SEMBAWANG,4 ROOM,469,ADMIRALTY DR,10 TO 12,102.0,Premium Apartment,2001,74 years 01 month,545000.0,469 ADMIRALTY DR,750469,1.4485318461902,103.814038812764,2026-08-07
231755,2026-08,SEMBAWANG,4 ROOM,360A,ADMIRALTY DR,04 TO 06,94.0,Premium Apartment,2001,74 years 02 months,546000.0,360A ADMIRALTY DR,751360,1.449203308783,103.815848473794,2026-08-07
231754,2026-08,SEMBAWANG,4 ROOM,360A,ADMIRALTY DR,13 TO 15,94.0,Premium Apartment,2001,74 years 02 months,580000.0,360A ADMIRALTY DR,751360,1.449203308783,103.815848473794,2026-08-07
231700,2026-08,SEMBAWANG,3 ROOM,104A,CANBERRA ST,10 TO 12,67.0,Model A,2018,91 years,520000.0,104A CANBERRA ST,751104,1.45035225780871,103.832262400576,2026-08-07
231621,2026-08,SEMBAWANG,2 ROOM,130A,CANBERRA CRES,07 TO 09,38.0,Model A,2018,91 years 03 months,385000.0,130A CANBERRA CRES,751130,1.44476382182316,103.831865540071,2026-08-07
231620,2026-08,SEMBAWANG,2 ROOM,130A,CANBERRA CRES,07 TO 09,47.0,Model A,2018,91 years 03 months,430000.0,130A CANBERRA CRES,751130,1.44476382182316,103.831865540071,2026-08-07
231603,2026-08,QUEENSTOWN,5 ROOM,52,STRATHMORE AVE,37 TO 39,110.0,Improved,2006,79 years 05 months,1350000.0,52 STRATHMORE AVE,141052,1.29331314480289,103.808253434532,2026-08-07
231590,2026-08,QUEENSTOWN,5 ROOM,145,MEI LING ST,01 TO 03,136.0,Model A,1995,68 years 01 month,1200000.0,145 MEI LING ST,140145,1.2938137291276,103.805027900908,2026-08-07
231572,2026-08,QUEENSTOWN,5 ROOM,26,DOVER CRES,19 TO 21,123.0,Standard,1978,50 years 06 months,820000.0,26 DOVER CRES,130026,1.30591387643498,103.781566663057,2026-08-07
231565,2026-08,QUEENSTOWN,5 ROOM,92,DAWSON RD,40 TO 42,99.0,Premium Apartment,2016,88 years 09 months,1510000.0,92 DAWSON RD,141092,1.29512086158743,103.81115001607,2026-08-07
231494,2026-08,QUEENSTOWN,4 ROOM,31,GHIM MOH LINK,28 TO 30,93.0,Model A,2018,90 years 11 months,1180000.0,31 GHIM MOH LINK,271031,1.30960366323024,103.784023479632,2026-08-07
231452,2026-08,QUEENSTOWN,4 ROOM,96,DAWSON RD,37 TO 39,86.0,Premium Apartment,2021,94 years 03 months,1218000.0,96 DAWSON RD,141096,1.29627814728272,103.81254495717,2026-08-07
231451,2026-08,QUEENSTOWN,4 ROOM,88,DAWSON RD,19 TO 21,87.0,Premium Apartment,2016,89 years 01 month,1200000.0,88 DAWSON RD,142088,1.29579395038247,103.809264765809,2026-08-07
231371,2026-08,QUEENSTOWN,4 ROOM,7,C'WEALTH AVE,01 TO 03,106.0,Model A,1996,69 years 02 months,970000.0,7 C'WEALTH AVE,140007,1.30645647691157,103.794765623549,2026-08-07
231370,2026-08,QUEENSTOWN,3 ROOM,90,TANGLIN HALT RD,01 TO 03,60.0,Model A,2008,81 years 01 month,620000.0,90 TANGLIN HALT RD,141090,1.30051700920519,103.79897627676,2026-08-07
231329,2026-08,QUEENSTOWN,3 ROOM,31,MARGARET DR,07 TO 09,62.0,Premium Apartment,2022,94 years 06 months,778000.0,31 MARGARET DR,140031,1.2982509726153,103.803961453243,2026-08-07
231155,2026-08,QUEENSTOWN,3 ROOM,87,C'WEALTH CL,07 TO 09,58.0,Standard,1967,39 years 06 months,273000.0,87 C'WEALTH CL,140087,1.30465698901237,103.799309643019,2026-08-07
231154,2026-08,QUEENSTOWN,3 ROOM,83,C'WEALTH CL,07 TO 09,60.0,Standard,1967,39 years 06 months,340000.0,83 C'WEALTH CL,140083,1.30467866112528,103.800423584746,2026-08-07
233682,2026-08,TAMPINES,3 ROOM,924,TAMPINES ST 91,10 TO 12,73.0,Model A,1983,56 years 04 months,478000.0,924 TAMPINES ST 91,520924,1.34679100571296,103.940776965834,2026-08-07
233730,2026-08,TAMPINES,4 ROOM,890A,TAMPINES AVE 1,07 TO 09,93.0,Model A,2015,88 years 02 months,777000.0,890A TAMPINES AVE 1,521890,1.34672448664678,103.933876119392,2026-08-07
230271,2026-08,PUNGGOL,3 ROOM,211D,PUNGGOL WALK,07 TO 09,67.0,Model A,2014,86 years 09 months,545000.0,211D PUNGGOL WALK,824211,1.40093563151906,103.899198538,2026-08-07
236301,2026-08,WOODLANDS,5 ROOM,874,WOODLANDS ST 82,07 TO 09,135.0,Model A,1996,68 years 08 months,700000.0,874 WOODLANDS ST 82,730874,1.44293234437699,103.7895456612,2026-08-07
236534,2026-08,YISHUN,3 ROOM,702,YISHUN AVE 5,01 TO 03,72.0,New Generation,1984,56 years 11 months,430000.0,702 YISHUN AVE 5,760702,1.42981540483616,103.829467215859,2026-08-07
236489,2026-08,YISHUN,3 ROOM,430A,YISHUN AVE 11,07 TO 09,67.0,Model A,2015,88 years 05 months,505000.0,430A YISHUN AVE 11,761430,1.42141170441529,103.848563744666,2026-08-07
236427,2026-08,WOODLANDS,EXECUTIVE,818,WOODLANDS ST 82,07 TO 09,179.0,Apartment,1994,67 years 05 months,1150000.0,818 WOODLANDS ST 82,730818,1.44166198623146,103.78993000553,2026-08-07
236426,2026-08,WOODLANDS,EXECUTIVE,816,WOODLANDS ST 82,07 TO 09,177.0,Apartment,1994,67 years 05 months,1150000.0,816 WOODLANDS ST 82,730816,1.44202662604033,103.789905781681,2026-08-07
236421,2026-08,WOODLANDS,EXECUTIVE,807,WOODLANDS ST 81,07 TO 09,192.0,Apartment,1994,66 years 06 months,1250000.0,807 WOODLANDS ST 81,730807,1.44226027181922,103.78751724184,2026-08-07
236414,2026-08,WOODLANDS,EXECUTIVE,419,WOODLANDS ST 41,04 TO 06,162.0,Apartment,1995,68 years 03 months,960000.0,419 WOODLANDS ST 41,730419,1.42851420473475,103.774572425077,2026-08-07
236393,2026-08,WOODLANDS,EXECUTIVE,658,WOODLANDS RING RD,10 TO 12,144.0,Maisonette,1998,70 years 08 months,872000.0,658 WOODLANDS RING RD,730658,1.43664171298146,103.79960155942,2026-08-07
236369,2026-08,WOODLANDS,EXECUTIVE,893C,WOODLANDS DR 50,04 TO 06,144.0,Maisonette,1996,69 years 03 months,880000.0,893C WOODLANDS DR 50,732893,1.43631842730197,103.790460126264,2026-08-07
236360,2026-08,WOODLANDS,EXECUTIVE,513,WOODLANDS DR 14,01 TO 03,147.0,Premium Apartment,1999,71 years 08 months,880888.0,513 WOODLANDS DR 14,730513,1.43386698574021,103.789472977537,2026-08-07
236354,2026-08,WOODLANDS,EXECUTIVE,788C,WOODLANDS CRES,04 TO 06,143.0,Maisonette,1999,71 years 10 months,828000.0,788C WOODLANDS CRES,733788,1.44387179785993,103.801833448049,2026-08-07
236348,2026-08,WOODLANDS,EXECUTIVE,362,WOODLANDS AVE 5,10 TO 12,141.0,Apartment,1996,69 years 04 months,988000.0,362 WOODLANDS AVE 5,730362,1.4337340406348,103.785245083137,2026-08-07
236313,2026-08,WOODLANDS,EXECUTIVE,141,MARSILING RD,01 TO 03,173.0,Apartment,1995,67 years 09 months,963000.0,141 MARSILING RD,730141,1.43736870010289,103.77707219926,2026-08-07
236246,2026-08,WOODLANDS,5 ROOM,643,WOODLANDS RING RD,01 TO 03,121.0,Improved,1998,71 years,600000.0,643 WOODLANDS RING RD,730643,1.437696282095,103.801568874084,2026-08-07
233738,2026-08,TAMPINES,4 ROOM,805,TAMPINES AVE 4,07 TO 09,91.0,New Generation,1985,57 years 08 months,600000.0,805 TAMPINES AVE 4,520805,1.34611545769579,103.937408478235,2026-08-07
236218,2026-08,WOODLANDS,5 ROOM,689F,WOODLANDS DR 75,01 TO 03,111.0,Premium Apartment,2004,76 years 06 months,565000.0,689F WOODLANDS DR 75,736689,1.44357856654871,103.808771154988,2026-08-07
236043,2026-08,WOODLANDS,5 ROOM,741,WOODLANDS CIRCLE,04 TO 06,122.0,Improved,1997,70 years 01 month,650000.0,741 WOODLANDS CIRCLE,730741,1.44441190731037,103.795827945234,2026-08-07
235996,2026-08,WOODLANDS,5 ROOM,349,WOODLANDS AVE 3,01 TO 03,122.0,Improved,1988,61 years 01 month,590000.0,349 WOODLANDS AVE 3,730349,1.43352424523671,103.782516336037,2026-08-07
235991,2026-08,WOODLANDS,5 ROOM,369,WOODLANDS AVE 1,07 TO 09,120.0,Improved,1996,69 years 04 months,740000.0,369 WOODLANDS AVE 1,730369,1.43343620706593,103.787422676205,2026-08-07
235990,2026-08,WOODLANDS,5 ROOM,370,WOODLANDS AVE 1,10 TO 12,125.0,Improved,1996,69 years 04 months,739888.0,370 WOODLANDS AVE 1,730370,1.43254270511027,103.787387733968,2026-08-07
235834,2026-08,WOODLANDS,4 ROOM,689B,WOODLANDS DR 75,01 TO 03,90.0,Premium Apartment,2004,76 years 07 months,490000.0,689B WOODLANDS DR 75,732689,1.44446942805204,103.808397457375,2026-08-07
235833,2026-08,WOODLANDS,4 ROOM,689E,WOODLANDS DR 75,01 TO 03,90.0,Premium Apartment,2004,76 years 08 months,540000.0,689E WOODLANDS DR 75,735689,1.44392045317552,103.808674247275,2026-08-07
235786,2026-08,WOODLANDS,4 ROOM,694A,WOODLANDS DR 62,04 TO 06,93.0,Model A,2018,91 years 02 months,625000.0,694A WOODLANDS DR 62,731694,1.43905183955493,103.804395663183,2026-08-07
235785,2026-08,WOODLANDS,4 ROOM,681A,WOODLANDS DR 62,04 TO 06,104.0,Premium Apartment,2000,72 years 07 months,590000.0,681A WOODLANDS DR 62,731681,1.43953354132813,103.803797276395,2026-08-07
235752,2026-08,WOODLANDS,4 ROOM,619,WOODLANDS DR 52,10 TO 12,93.0,Model A2,1998,71 years 01 month,534000.0,619 WOODLANDS DR 52,730619,1.43343677091965,103.79805544789,2026-08-07
235737,2026-08,WOODLANDS,4 ROOM,889B,WOODLANDS DR 50,07 TO 09,93.0,Model A,2017,90 years,640000.0,889B WOODLANDS DR 50,732889,1.43780529526113,103.792896090852,2026-08-07
235630,2026-08,WOODLANDS,4 ROOM,535,WOODLANDS DR 14,07 TO 09,106.0,Premium Apartment,1999,72 years 01 month,605000.0,535 WOODLANDS DR 14,730535,1.43113014779339,103.791950469294,2026-08-07
236539,2026-08,YISHUN,3 ROOM,282,YISHUN AVE 6,01 TO 03,64.0,Simplified,1988,60 years 06 months,380000.0,282 YISHUN AVE 6,760282,1.43940871246049,103.838425107982,2026-08-07
236609,2026-08,YISHUN,3 ROOM,138,YISHUN RING RD,04 TO 06,68.0,New Generation,1984,57 years 02 months,415000.0,138 YISHUN RING RD,760138,1.43160991206918,103.830614068732,2026-08-07
236610,2026-08,YISHUN,3 ROOM,242,YISHUN RING RD,07 TO 09,67.0,New Generation,1986,58 years 06 months,390000.0,242 YISHUN RING RD,760242,1.43270791512175,103.840052416236,2026-08-07
236674,2026-08,YISHUN,3 ROOM,205,YISHUN ST 21,07 TO 09,67.0,New Generation,1985,57 years 06 months,435000.0,205 YISHUN ST 21,760205,1.43106560031808,103.836307087652,2026-08-07
237375,2026-08,YISHUN,5 ROOM,730,YISHUN ST 71,10 TO 12,122.0,Improved,1987,59 years 06 months,652888.0,730 YISHUN ST 71,760730,1.42723329945277,103.831527990025,2026-08-07
237321,2026-08,YISHUN,5 ROOM,786,YISHUN RING RD,13 TO 15,121.0,Improved,1987,60 years 05 months,645000.0,786 YISHUN RING RD,760786,1.42137945824126,103.832054695539,2026-08-07
237260,2026-08,YISHUN,5 ROOM,347A,YISHUN AVE 11,10 TO 12,112.0,DBSS,2013,86 years 03 months,860000.0,347A YISHUN AVE 11,761347,1.42793924371366,103.842676976311,2026-08-07
237174,2026-08,YISHUN,4 ROOM,647,YISHUN ST 61,07 TO 09,88.0,Simplified,1987,59 years 09 months,498000.0,647 YISHUN ST 61,760647,1.42256413262012,103.837273860608,2026-08-07
237173,2026-08,YISHUN,4 ROOM,646,YISHUN ST 61,10 TO 12,84.0,Simplified,1987,60 years 01 month,468000.0,646 YISHUN ST 61,760646,1.42211202954084,103.837491392466,2026-08-07
237172,2026-08,YISHUN,4 ROOM,625,YISHUN ST 61,01 TO 03,85.0,Simplified,1987,59 years 11 months,480000.0,625 YISHUN ST 61,760625,1.41817361528574,103.836190364674,2026-08-07
237171,2026-08,YISHUN,4 ROOM,645,YISHUN ST 61,07 TO 09,91.0,New Generation,1992,64 years 11 months,542000.0,645 YISHUN ST 61,760645,1.42190178136628,103.838605643566,2026-08-07
237103,2026-08,YISHUN,4 ROOM,479B,YISHUN ST 42,10 TO 12,93.0,Model A,2021,93 years 09 months,588888.0,479B YISHUN ST 42,762479,1.42977881608887,103.850095603468,2026-08-07
237088,2026-08,YISHUN,4 ROOM,453,YISHUN ST 41,13 TO 15,93.0,Model A,2013,86 years 01 month,630000.0,453 YISHUN ST 41,760453,1.41991034065013,103.845554822212,2026-08-07
237074,2026-08,YISHUN,4 ROOM,336A,YISHUN ST 31,13 TO 15,92.0,Model A,2015,88 years 04 months,590000.0,336A YISHUN ST 31,761336,1.43128333457857,103.844642494649,2026-08-07
237055,2026-08,YISHUN,4 ROOM,265,YISHUN ST 22,10 TO 12,84.0,Simplified,1986,59 years 04 months,475000.0,265 YISHUN ST 22,760265,1.43653310907952,103.838677913372,2026-08-07
237020,2026-08,YISHUN,4 ROOM,296,YISHUN ST 20,10 TO 12,90.0,Model A,2000,73 years 05 months,575000.0,296 YISHUN ST 20,760296,1.43539224579712,103.835500981499,2026-08-07
237017,2026-08,YISHUN,4 ROOM,123,YISHUN ST 11,07 TO 09,99.0,New Generation,1985,57 years 11 months,488888.0,123 YISHUN ST 11,760123,1.43457263947313,103.831796919201,2026-08-07
236999,2026-08,YISHUN,4 ROOM,409,YISHUN RING RD,01 TO 03,108.0,Model A,1988,61 years 05 months,510000.0,409 YISHUN RING RD,760409,1.42620385438309,103.847273164146,2026-08-07
236998,2026-08,YISHUN,4 ROOM,311,YISHUN RING RD,10 TO 12,84.0,Simplified,1987,59 years 10 months,485000.0,311 YISHUN RING RD,760793,1.43157506974497,103.840815309067,2026-08-07
236997,2026-08,YISHUN,4 ROOM,138,YISHUN RING RD,07 TO 09,93.0,New Generation,1984,57 years 03 months,515888.0,138 YISHUN RING RD,760138,1.43160991206918,103.830614068732,2026-08-07
236884,2026-08,YISHUN,4 ROOM,389,YISHUN AVE 6,07 TO 09,104.0,Model A,1988,60 years 10 months,550000.0,389 YISHUN AVE 6,760389,1.42956999096502,103.848020471141,2026-08-07
236847,2026-08,YISHUN,4 ROOM,858,YISHUN AVE 4,01 TO 03,104.0,Model A,1988,61 years,548888.0,858 YISHUN AVE 4,760858,1.41767034348633,103.838515102268,2026-08-07
236846,2026-08,YISHUN,4 ROOM,675B,YISHUN AVE 4,07 TO 09,93.0,Model A,2018,91 years 04 months,635000.0,675B YISHUN AVE 4,762675,1.41899508499611,103.842949381197,2026-08-07
236845,2026-08,YISHUN,4 ROOM,506C,YISHUN AVE 4,10 TO 12,93.0,Model A,2018,90 years 09 months,640000.0,506C YISHUN AVE 4,763506,1.41544596373585,103.840455724763,2026-08-07
236844,2026-08,YISHUN,4 ROOM,674A,YISHUN AVE 4,10 TO 12,93.0,Model A,2018,91 years 04 months,628000.0,674A YISHUN AVE 4,761674,1.42064299685012,103.843114007721,2026-08-07
236798,2026-08,YISHUN,4 ROOM,766,YISHUN AVE 3,07 TO 09,104.0,Model A,1985,58 years 01 month,550000.0,766 YISHUN AVE 3,760766,1.42470239952978,103.833949786818,2026-08-07
236786,2026-08,YISHUN,4 ROOM,430B,YISHUN AVE 11,07 TO 09,92.0,Model A,2015,88 years 05 months,580000.0,430B YISHUN AVE 11,762430,1.42098709730833,103.848612654306,2026-08-07
236745,2026-08,YISHUN,4 ROOM,431A,YISHUN AVE 1,13 TO 15,92.0,Model A,2015,88 years 02 months,610000.0,431A YISHUN AVE 1,761431,1.41960682497896,103.84728823711,2026-08-07
236724,2026-08,YISHUN,3 ROOM,714,YISHUN ST 71,01 TO 03,64.0,Simplified,1988,60 years 08 months,353000.0,714 YISHUN ST 71,760714,1.42701651708938,103.827662646467,2026-08-07
235606,2026-08,WOODLANDS,4 ROOM,780C,WOODLANDS CRES,10 TO 12,92.0,Model A,2015,88 years,590000.0,780C WOODLANDS CRES,733780,1.44911111477951,103.801346682135,2026-08-07
235509,2026-08,WOODLANDS,4 ROOM,363,WOODLANDS AVE 5,07 TO 09,105.0,Model A,1996,69 years 05 months,670000.0,363 WOODLANDS AVE 5,730363,1.4339283205204,103.785927938556,2026-08-07
235487,2026-08,WOODLANDS,4 ROOM,337,WOODLANDS AVE 1,07 TO 09,104.0,Model A,1985,58 years 04 months,550000.0,337 WOODLANDS AVE 1,730337,1.43071738741979,103.781743924595,2026-08-07
234526,2026-08,TAMPINES,5 ROOM,701,TAMPINES ST 71,04 TO 06,119.0,Improved,1997,69 years 11 months,828000.0,701 TAMPINES ST 71,520701,1.35617182936882,103.936798850032,2026-08-07
234459,2026-08,TAMPINES,5 ROOM,493D,TAMPINES ST 43,10 TO 12,122.0,Improved,1993,66 years,728000.0,493D TAMPINES ST 43,523493,1.36238061333949,103.951492191718,2026-08-07
234442,2026-08,TAMPINES,5 ROOM,360,TAMPINES ST 34,04 TO 06,121.0,Improved,1996,68 years 08 months,715000.0,360 TAMPINES ST 34,520360,1.35561756499877,103.962257931593,2026-08-07
234378,2026-08,TAMPINES,5 ROOM,608A,TAMPINES NTH DR 1,13 TO 15,113.0,Improved,2020,93 years 04 months,975000.0,608A TAMPINES NTH DR 1,521608,1.36314791550448,103.93511840985,2026-08-07
234346,2026-08,TAMPINES,5 ROOM,518D,TAMPINES CTRL 7,13 TO 15,109.0,DBSS,2008,81 years 06 months,990000.0,518D TAMPINES CTRL 7,524518,1.3563750896162,103.939270634189,2026-08-07
234324,2026-08,TAMPINES,5 ROOM,604B,TAMPINES AVE 9,04 TO 06,119.0,3Gen,2020,92 years 07 months,845000.0,604B TAMPINES AVE 9,522604,1.36140735147645,103.935627169376,2026-08-07
234323,2026-08,TAMPINES,5 ROOM,601D,TAMPINES AVE 9,10 TO 12,112.0,Improved,2020,92 years 07 months,938555.0,601D TAMPINES AVE 9,524601,1.36137294343434,103.936587995929,2026-08-07
234286,2026-08,TAMPINES,5 ROOM,393,TAMPINES AVE 7,04 TO 06,127.0,Improved,1994,67 years 04 months,848000.0,393 TAMPINES AVE 7,520393,1.35519248677247,103.956968778244,2026-08-07
234232,2026-08,TAMPINES,4 ROOM,911,TAMPINES ST 91,10 TO 12,104.0,Model A,1984,57 years,650000.0,911 TAMPINES ST 91,520911,1.34983189105156,103.939568613828,2026-08-07
234172,2026-08,TAMPINES,4 ROOM,855,TAMPINES ST 83,07 TO 09,84.0,Simplified,1987,59 years 10 months,570000.0,855 TAMPINES ST 83,520855,1.35358250009189,103.935299480466,2026-08-07
234113,2026-08,TAMPINES,4 ROOM,708,TAMPINES ST 71,04 TO 06,100.0,Model A,1997,69 years 11 months,645000.0,708 TAMPINES ST 71,520708,1.35799200738946,103.936892456311,2026-08-07
234092,2026-08,TAMPINES,4 ROOM,620B,TAMPINES ST 61,01 TO 03,93.0,Model A,2021,94 years 03 months,740000.0,620B TAMPINES ST 61,522620,1.36141279465214,103.939404356376,2026-08-07
234091,2026-08,TAMPINES,4 ROOM,620A,TAMPINES ST 61,07 TO 09,93.0,Model A,2021,94 years 03 months,778000.0,620A TAMPINES ST 61,521620,1.36140989325615,103.938855008855,2026-08-07
234090,2026-08,TAMPINES,4 ROOM,621A,TAMPINES ST 61,04 TO 06,93.0,Model A,2022,94 years 06 months,730000.0,621A TAMPINES ST 61,521621,1.3609453346909,103.938691824361,2026-08-07
234089,2026-08,TAMPINES,4 ROOM,619A,TAMPINES ST 61,13 TO 15,93.0,Model A,2021,94 years 03 months,762000.0,619A TAMPINES ST 61,521619,1.36188585365471,103.938687143654,2026-08-07
234088,2026-08,TAMPINES,4 ROOM,620A,TAMPINES ST 61,10 TO 12,93.0,Model A,2021,94 years 03 months,805000.0,620A TAMPINES ST 61,521620,1.36140989325615,103.938855008855,2026-08-07
234029,2026-08,TAMPINES,4 ROOM,498J,TAMPINES ST 45,07 TO 09,106.0,Premium Apartment,1997,69 years 09 months,680000.0,498J TAMPINES ST 45,527498,1.36323538538961,103.956894060229,2026-08-07
233988,2026-08,TAMPINES,4 ROOM,432,TAMPINES ST 41,04 TO 06,84.0,Simplified,1986,58 years 09 months,530000.0,432 TAMPINES ST 41,520432,1.35887571395227,103.950535549557,2026-08-07
233987,2026-08,TAMPINES,4 ROOM,425,TAMPINES ST 41,07 TO 09,84.0,Simplified,1985,58 years 04 months,550000.0,425 TAMPINES ST 41,520425,1.3590599438785,103.94818218974,2026-08-07
233974,2026-08,TAMPINES,4 ROOM,365,TAMPINES ST 34,04 TO 06,100.0,Model A,1997,69 years 06 months,610000.0,365 TAMPINES ST 34,520365,1.35768611954955,103.960620745568,2026-08-07
233961,2026-08,TAMPINES,4 ROOM,346,TAMPINES ST 33,01 TO 03,108.0,Model A,1996,68 years 11 months,585000.0,346 TAMPINES ST 33,520346,1.35123791586186,103.962570614009,2026-08-07
233960,2026-08,TAMPINES,4 ROOM,316,TAMPINES ST 33,07 TO 09,108.0,Model A,1995,68 years 01 month,660000.0,316 TAMPINES ST 33,520316,1.35153799844878,103.957579533326,2026-08-07
233802,2026-08,TAMPINES,4 ROOM,503,TAMPINES CTRL 1,07 TO 09,107.0,Model A,1990,62 years 07 months,768000.0,503 TAMPINES CTRL 1,520503,1.3558033565401,103.945102946956,2026-08-07
233796,2026-08,TAMPINES,4 ROOM,493B,TAMPINES AVE 9,07 TO 09,105.0,Model A,1993,66 years,655000.0,493B TAMPINES AVE 9,521493,1.36226589882023,103.95206009759,2026-08-07
233782,2026-08,TAMPINES,4 ROOM,876C,TAMPINES AVE 8,01 TO 03,93.0,Model A,2021,94 years 03 months,695888.0,876C TAMPINES AVE 8,523876,1.35339648406547,103.930258599404,2026-08-07
233739,2026-08,TAMPINES,4 ROOM,816,TAMPINES AVE 4,13 TO 15,98.0,New Generation,1984,57 years 02 months,653888.0,816 TAMPINES AVE 4,520816,1.3477050498226,103.937555571928,2026-08-07
234507,2026-08,TAMPINES,5 ROOM,618A,TAMPINES ST 61,01 TO 03,113.0,Improved,2021,94 years 03 months,818000.0,618A TAMPINES ST 61,521618,1.36233452000448,103.938797272274,2026-08-07
234573,2026-08,TAMPINES,5 ROOM,874B,TAMPINES ST 85,13 TO 15,120.0,3Gen,2021,94 years 03 months,880000.0,874B TAMPINES ST 85,522874,1.3542711249531,103.930267258528,2026-08-07
235412,2026-08,WOODLANDS,3 ROOM,158,WOODLANDS ST 13,07 TO 09,73.0,Model A,1990,62 years 10 months,418000.0,158 WOODLANDS ST 13,730158,1.43403215729146,103.77477997616,2026-08-07
234580,2026-08,TAMPINES,5 ROOM,875B,TAMPINES ST 86,10 TO 12,120.0,3Gen,2021,94 years 04 months,888888.0,875B TAMPINES ST 86,522875,1.35291999213671,103.929501131497,2026-08-07
235361,2026-08,WOODLANDS,3 ROOM,571C,WOODLANDS AVE 1,10 TO 12,67.0,Model A,2013,86 years 04 months,535000.0,571C WOODLANDS AVE 1,733571,1.43037573758391,103.789927860576,2026-08-07
235321,2026-08,WOODLANDS,3 ROOM,6,MARSILING DR,13 TO 15,76.0,Improved,1976,48 years 06 months,375000.0,6 MARSILING DR,730006,1.44207297644105,103.776353990531,2026-08-07
235248,2026-08,TOA PAYOH,5 ROOM,81,LOR 4 TOA PAYOH,16 TO 18,122.0,Improved,1997,69 years 08 months,1180000.0,81 LOR 4 TOA PAYOH,310081,1.33541034865574,103.850423493461,2026-08-07
235212,2026-08,TOA PAYOH,5 ROOM,239,LOR 1 TOA PAYOH,07 TO 09,123.0,Improved,1986,59 years 02 months,892000.0,239 LOR 1 TOA PAYOH,310239,1.34050894159915,103.851040712112,2026-08-07
235199,2026-08,TOA PAYOH,5 ROOM,258,KIM KEAT AVE,01 TO 03,127.0,Improved,1988,61 years 05 months,870000.0,258 KIM KEAT AVE,310258,1.33284519984898,103.85782877187,2026-08-07
235186,2026-08,TOA PAYOH,4 ROOM,204,TOA PAYOH NTH,13 TO 15,87.0,Improved,1973,46 years,510000.0,204 TOA PAYOH NTH,310204,1.34148414007449,103.849067723667,2026-08-07
235180,2026-08,TOA PAYOH,4 ROOM,264,TOA PAYOH EAST,01 TO 03,93.0,Model A,2019,92 years 05 months,825000.0,264 TOA PAYOH EAST,310264,1.332464536405,103.855237512058,2026-08-07
235167,2026-08,TOA PAYOH,4 ROOM,79B,TOA PAYOH CTRL,25 TO 27,91.0,Model A,2009,81 years 09 months,1050000.0,79B TOA PAYOH CTRL,312079,1.33464078301907,103.847990266882,2026-08-07
235041,2026-08,TOA PAYOH,4 ROOM,102A,BIDADARI PK DR,13 TO 15,97.0,Model A,2021,93 years 11 months,1280000.0,102A BIDADARI PK DR,341102,1.33735590005967,103.871390657454,2026-08-07
235040,2026-08,TOA PAYOH,4 ROOM,101A,BIDADARI PK DR,07 TO 09,93.0,Model A,2021,93 years 11 months,1120000.0,101A BIDADARI PK DR,341101,1.33685462167621,103.870996313693,2026-08-07
234977,2026-08,TOA PAYOH,4 ROOM,114A,ALKAFF CRES,10 TO 12,93.0,Model A,2021,94 years 05 months,1128888.0,114A ALKAFF CRES,341114,1.33562146047276,103.872708673996,2026-08-07
234976,2026-08,TOA PAYOH,4 ROOM,113A,ALKAFF CRES,04 TO 06,93.0,Model A,2021,94 years 05 months,1065000.0,113A ALKAFF CRES,341113,1.33595942768701,103.873151042839,2026-08-07
234975,2026-08,TOA PAYOH,4 ROOM,112A,ALKAFF CRES,10 TO 12,93.0,Model A,2021,94 years 05 months,1108000.0,112A ALKAFF CRES,341112,1.33543941437138,103.873403171831,2026-08-07
234974,2026-08,TOA PAYOH,4 ROOM,118A,ALKAFF CRES,16 TO 18,93.0,Model A,2020,93 years 05 months,1150000.0,118A ALKAFF CRES,341118,1.33649028446747,103.873777299654,2026-08-07
234973,2026-08,TOA PAYOH,4 ROOM,118A,ALKAFF CRES,01 TO 03,93.0,Model A,2020,93 years 05 months,965000.0,118A ALKAFF CRES,341118,1.33649028446747,103.873777299654,2026-08-07
234931,2026-08,TOA PAYOH,3 ROOM,25,TOA PAYOH EAST,07 TO 09,67.0,Improved,1971,43 years 06 months,355000.0,25 TOA PAYOH EAST,310025,1.33356606706026,103.856981751253,2026-08-07
234869,2026-08,TOA PAYOH,3 ROOM,17,LOR 7 TOA PAYOH,07 TO 09,67.0,Improved,1971,43 years 06 months,375000.0,17 LOR 7 TOA PAYOH,310017,1.33642660399461,103.85660811051,2026-08-07
234848,2026-08,TOA PAYOH,3 ROOM,34,LOR 5 TOA PAYOH,10 TO 12,67.0,Improved,1970,42 years 06 months,355000.0,34 LOR 5 TOA PAYOH,310034,1.33479973301368,103.854155463,2026-08-07
234847,2026-08,TOA PAYOH,3 ROOM,38,LOR 5 TOA PAYOH,04 TO 06,67.0,Improved,1970,42 years 06 months,328000.0,38 LOR 5 TOA PAYOH,310038,1.335341002234,103.854859409729,2026-08-07
234810,2026-08,TOA PAYOH,3 ROOM,125,LOR 1 TOA PAYOH,04 TO 06,67.0,Improved,1970,42 years 06 months,335000.0,125 LOR 1 TOA PAYOH,310125,1.33833133395207,103.845737117132,2026-08-07
234719,2026-08,TOA PAYOH,3 ROOM,115C,ALKAFF CRES,07 TO 09,71.0,Model A,2020,93 years 05 months,930000.0,115C ALKAFF CRES,343115,1.33722847497236,103.872886634076,2026-08-07
234702,2026-08,TOA PAYOH,2 ROOM,120,LOR 2 TOA PAYOH,04 TO 06,40.0,Standard,1968,40 years 11 months,280000.0,120 LOR 2 TOA PAYOH,310120,1.33913568992412,103.845562921008,2026-08-07
234678,2026-08,TAMPINES,EXECUTIVE,889,TAMPINES ST 81,10 TO 12,146.0,Maisonette,1989,61 years 07 months,1048888.0,889 TAMPINES ST 81,520889,1.34991348311537,103.931049462008,2026-08-07
234677,2026-08,TAMPINES,EXECUTIVE,894,TAMPINES ST 81,04 TO 06,146.0,Maisonette,1989,61 years 06 months,1040000.0,894 TAMPINES ST 81,520894,1.34860420057258,103.931922138374,2026-08-07
234606,2026-08,TAMPINES,EXECUTIVE,937,TAMPINES AVE 5,07 TO 09,146.0,Maisonette,1988,61 years 03 months,1100000.0,937 TAMPINES AVE 5,520937,1.34723955510922,103.941637495623,2026-08-07
230440,2026-08,PUNGGOL,4 ROOM,421B,NORTHSHORE DR,22 TO 24,96.0,Model A,2021,94 years 04 months,860000.0,421B NORTHSHORE DR,822421,1.41924637367443,103.904704708435,2026-08-07
237405,2026-08,YISHUN,EXECUTIVE,352,YISHUN RING RD,04 TO 06,154.0,Maisonette,1988,61 years,925000.0,352 YISHUN RING RD,760352,1.42646254168399,103.844908930783,2026-08-07
230156,2026-08,PUNGGOL,2 ROOM,623B,PUNGGOL CTRL,13 TO 15,46.0,Model A,2014,86 years 09 months,388000.0,623B PUNGGOL CTRL,822623,1.39935935540286,103.911836712507,2026-08-07
226259,2026-08,CHOA CHU KANG,5 ROOM,226,CHOA CHU KANG CTRL,04 TO 06,122.0,Improved,1993,65 years 11 months,650000.0,226 CHOA CHU KANG CTRL,680226,1.38115995023886,103.745292702375,2026-08-07
225231,2026-08,BUKIT PANJANG,4 ROOM,435,BT PANJANG RING RD,04 TO 06,84.0,Simplified,1988,61 years 05 months,468800.0,435 BT PANJANG RING RD,670435,1.38603975530039,103.770196329443,2026-08-07
225183,2026-08,BUKIT PANJANG,3 ROOM,547D,SEGAR RD,04 TO 06,67.0,Model A,2015,88 years,470000.0,547D SEGAR RD,674547,1.38890112645022,103.7690032304,2026-08-07
225073,2026-08,BUKIT MERAH,5 ROOM,121,KIM TIAN PL,04 TO 06,115.0,Improved,2001,73 years 07 months,1030000.0,121 KIM TIAN PL,160121,1.28270270194687,103.828491163221,2026-08-07
225072,2026-08,BUKIT MERAH,5 ROOM,8,KIM TIAN PL,10 TO 12,131.0,Model A,1984,57 years,1190000.0,8 KIM TIAN PL,163008,1.28302965610411,103.827236715363,2026-08-07
225068,2026-08,BUKIT MERAH,5 ROOM,9,JLN RUMAH TINGGI,07 TO 09,136.0,Model A,1984,56 years 10 months,828000.0,9 JLN RUMAH TINGGI,150009,1.28881615319911,103.80820528928,2026-08-07
225064,2026-08,BUKIT MERAH,5 ROOM,27B,JLN MEMBINA,04 TO 06,110.0,Improved,2008,81 years 03 months,1230000.0,27B JLN MEMBINA,164027,1.28290865549123,103.824868037687,2026-08-07
225009,2026-08,BUKIT MERAH,4 ROOM,27,TELOK BLANGAH WAY,07 TO 09,82.0,Improved,1976,48 years 09 months,500000.0,27 TELOK BLANGAH WAY,90027,1.27446866093398,103.8214740879,2026-08-07
224968,2026-08,BUKIT MERAH,4 ROOM,59,TELOK BLANGAH HTS,04 TO 06,91.0,New Generation,1976,49 years 02 months,545000.0,59 TELOK BLANGAH HTS,100059,1.2753534329115,103.813588303131,2026-08-07
224932,2026-08,BUKIT MERAH,4 ROOM,149,SILAT AVE,07 TO 09,96.0,New Generation,1982,55 years 05 months,620000.0,149 SILAT AVE,160149,1.27736066510423,103.831600213349,2026-08-07
224892,2026-08,BUKIT MERAH,4 ROOM,120A,KIM TIAN PL,04 TO 06,91.0,Model A,2001,73 years 08 months,880000.0,120A KIM TIAN PL,161120,1.28324650251872,103.827854744997,2026-08-07
224888,2026-08,BUKIT MERAH,4 ROOM,39,JLN RUMAH TINGGI,16 TO 18,100.0,Model A,1997,69 years 11 months,810000.0,39 JLN RUMAH TINGGI,151039,1.2886333428931,103.810015901011,2026-08-07
224787,2026-08,BUKIT MERAH,4 ROOM,115,BT PURMEI RD,10 TO 12,103.0,Model A,1985,57 years 08 months,690000.0,115 BT PURMEI RD,90115,1.27535201369639,103.826950180582,2026-08-07
224753,2026-08,BUKIT MERAH,3 ROOM,33,TELOK BLANGAH WAY,04 TO 06,59.0,Improved,1976,48 years 09 months,330000.0,33 TELOK BLANGAH WAY,90033,1.27436196353296,103.822184004574,2026-08-07
224751,2026-08,BUKIT MERAH,3 ROOM,80C,TELOK BLANGAH ST 31,31 TO 33,68.0,Premium Apartment,2013,86 years 01 month,800000.0,80C TELOK BLANGAH ST 31,103080,1.27349435644809,103.807229362471,2026-08-07
224616,2026-08,BUKIT MERAH,3 ROOM,52,HAVELOCK RD,10 TO 12,69.0,Model A,2013,85 years 10 months,810000.0,52 HAVELOCK RD,161052,1.28951776036854,103.828467082634,2026-08-07
224603,2026-08,BUKIT MERAH,3 ROOM,4,EVERTON PK,07 TO 09,72.0,New Generation,1980,53 years 04 months,530000.0,4 EVERTON PK,80004,1.27688307363768,103.840085627903,2026-08-07
224529,2026-08,BUKIT BATOK,EXECUTIVE,526,BT BATOK ST 51,04 TO 06,146.0,Maisonette,1986,59 years 01 month,798000.0,526 BT BATOK ST 51,650526,1.3571882058688,103.751123943023,2026-08-07
224497,2026-08,BUKIT BATOK,5 ROOM,467B,BT BATOK WEST AVE 9,10 TO 12,113.0,Improved,2021,94 years,825000.0,467B BT BATOK WEST AVE 9,652467,1.35614011912775,103.743163785285,2026-08-07
224485,2026-08,BUKIT BATOK,5 ROOM,171,BT BATOK WEST AVE 8,22 TO 24,139.0,Model A,1985,57 years 09 months,858000.0,171 BT BATOK WEST AVE 8,650171,1.34610021179301,103.740229621691,2026-08-07
224484,2026-08,BUKIT BATOK,5 ROOM,440D,BT BATOK WEST AVE 8,10 TO 12,112.0,Improved,2019,91 years 08 months,830000.0,440D BT BATOK WEST AVE 8,654440,1.35513838763691,103.737031492997,2026-08-07
224413,2026-08,BUKIT BATOK,5 ROOM,451B,BT BATOK WEST AVE 6,07 TO 09,115.0,Improved,2019,91 years 08 months,820000.0,451B BT BATOK WEST AVE 6,652451,1.35248381356888,103.743414725495,2026-08-07
224412,2026-08,BUKIT BATOK,5 ROOM,450B,BT BATOK WEST AVE 6,10 TO 12,115.0,Improved,2019,91 years 08 months,825000.0,450B BT BATOK WEST AVE 6,652450,1.35235753004524,103.744395918688,2026-08-07
224290,2026-08,BUKIT BATOK,4 ROOM,467A,BT BATOK WEST AVE 9,01 TO 03,93.0,Model A,2021,94 years,610000.0,467A BT BATOK WEST AVE 9,651467,1.35651860042533,103.743862528559,2026-08-07
224289,2026-08,BUKIT BATOK,4 ROOM,468A,BT BATOK WEST AVE 9,04 TO 06,93.0,Model A,2021,94 years,645000.0,468A BT BATOK WEST AVE 9,651468,1.35649522522916,103.742712657002,2026-08-07
224230,2026-08,BUKIT BATOK,4 ROOM,443B,BT BATOK WEST AVE 8,07 TO 09,92.0,Model A,2019,91 years 08 months,655000.0,443B BT BATOK WEST AVE 8,652443,1.35612327530865,103.737831166898,2026-08-07
225261,2026-08,BUKIT PANJANG,4 ROOM,106,GANGSA RD,04 TO 06,103.0,Model A,1988,60 years 07 months,520000.0,106 GANGSA RD,670106,1.3779019997366,103.767412279054,2026-08-07
225262,2026-08,BUKIT PANJANG,4 ROOM,106,GANGSA RD,04 TO 06,103.0,Model A,1988,60 years 07 months,532888.0,106 GANGSA RD,670106,1.3779019997366,103.767412279054,2026-08-07
225325,2026-08,BUKIT PANJANG,4 ROOM,213,PETIR RD,04 TO 06,104.0,Model A,1988,61 years 03 months,488888.0,213 PETIR RD,670213,1.37440260534692,103.775467370494,2026-08-07
225758,2026-08,CHOA CHU KANG,2 ROOM,535,CHOA CHU KANG ST 51,04 TO 06,46.0,Model A,2011,84 years 02 months,325000.0,535 CHOA CHU KANG ST 51,680535,1.39133994451668,103.743931875351,2026-08-07
226219,2026-08,CHOA CHU KANG,5 ROOM,815B,CHOA CHU KANG AVE 7,10 TO 12,113.0,Improved,2017,89 years 08 months,738000.0,815B CHOA CHU KANG AVE 7,682815,1.37684626113984,103.747376759116,2026-08-07
226218,2026-08,CHOA CHU KANG,5 ROOM,810A,CHOA CHU KANG AVE 7,10 TO 12,113.0,Improved,2017,90 years 04 months,703888.0,810A CHOA CHU KANG AVE 7,681810,1.37454644083077,103.746304172261,2026-08-07
226175,2026-08,CHOA CHU KANG,5 ROOM,453,CHOA CHU KANG AVE 4,07 TO 09,123.0,Premium Apartment,2000,72 years 07 months,560000.0,453 CHOA CHU KANG AVE 4,680453,1.37997802767876,103.73490597126,2026-08-07
226109,2026-08,CHOA CHU KANG,4 ROOM,817B,KEAT HONG LINK,13 TO 15,92.0,Model A,2017,90 years 02 months,650000.0,817B KEAT HONG LINK,682817,1.37708774602652,103.748768050663,2026-08-07
226021,2026-08,CHOA CHU KANG,4 ROOM,230,CHOA CHU KANG CTRL,04 TO 06,104.0,Model A,1990,62 years 11 months,540000.0,230 CHOA CHU KANG CTRL,680230,1.38038258134348,103.746190535886,2026-08-07
225998,2026-08,CHOA CHU KANG,4 ROOM,660,CHOA CHU KANG CRES,04 TO 06,103.0,Premium Apartment,1999,71 years 09 months,522000.0,660 CHOA CHU KANG CRES,680660,1.40102235751598,103.749862447053,2026-08-07
225997,2026-08,CHOA CHU KANG,4 ROOM,691B,CHOA CHU KANG CRES,07 TO 09,91.0,Model A,2003,75 years 10 months,550000.0,691B CHOA CHU KANG CRES,682691,1.40162672032469,103.751577560463,2026-08-07
225996,2026-08,CHOA CHU KANG,4 ROOM,658,CHOA CHU KANG CRES,01 TO 03,100.0,Premium Apartment,1999,71 years 09 months,520000.0,658 CHOA CHU KANG CRES,680658,1.40075418778953,103.749259984055,2026-08-07
225854,2026-08,CHOA CHU KANG,4 ROOM,406,CHOA CHU KANG AVE 3,01 TO 03,104.0,Model A,1993,65 years 11 months,540000.0,406 CHOA CHU KANG AVE 3,680406,1.38037389462046,103.740209588608,2026-08-07
225830,2026-08,CHOA CHU KANG,4 ROOM,294,CHOA CHU KANG AVE 2,13 TO 15,103.0,Model A,1990,62 years 10 months,575000.0,294 CHOA CHU KANG AVE 2,680294,1.37860430951383,103.74096177665,2026-08-07
225810,2026-08,CHOA CHU KANG,3 ROOM,106,TECK WHYE LANE,07 TO 09,73.0,Model A,1989,62 years 03 months,430000.0,106 TECK WHYE LANE,680106,1.37795798795128,103.752931630674,2026-08-07
225756,2026-08,CHOA CHU KANG,2 ROOM,807A,CHOA CHU KANG AVE 1,04 TO 06,47.0,Model A,2017,89 years 09 months,350000.0,807A CHOA CHU KANG AVE 1,681807,1.37580545998649,103.744793478077,2026-08-07
225431,2026-08,BUKIT PANJANG,4 ROOM,636B,SENJA RD,25 TO 27,92.0,Model A,2015,88 years 04 months,685000.0,636B SENJA RD,672636,1.38762470759976,103.758331445094,2026-08-07
225755,2026-08,CENTRAL AREA,5 ROOM,642,ROWELL RD,22 TO 24,139.0,Model A,1984,56 years 06 months,1150000.0,642 ROWELL RD,200642,1.30778051437061,103.856495249944,2026-08-07
225725,2026-08,CENTRAL AREA,4 ROOM,672A,KLANG LANE,07 TO 09,85.0,Model A,2002,75 years,730000.0,672A KLANG LANE,211672,1.30849052388699,103.852546280742,2026-08-07
225721,2026-08,CENTRAL AREA,4 ROOM,1F,CANTONMENT RD,34 TO 36,95.0,Type S1,2011,83 years 06 months,1435000.0,1F CANTONMENT RD,85601,1.27598699469414,103.841191762017,2026-08-07
225720,2026-08,CENTRAL AREA,4 ROOM,1E,CANTONMENT RD,40 TO 42,93.0,Type S1,2011,83 years 06 months,1475000.0,1E CANTONMENT RD,85501,1.27662168427368,103.841156142262,2026-08-07
225651,2026-08,CENTRAL AREA,2 ROOM,8,JLN KUKOH,04 TO 06,53.0,Improved,1971,43 years 11 months,280000.0,8 JLN KUKOH,162008,1.2873776268224,103.839407060595,2026-08-07
225644,2026-08,BUKIT TIMAH,5 ROOM,5,TOH YI DR,10 TO 12,122.0,Improved,1989,61 years 11 months,1233000.0,5 TOH YI DR,590005,1.33820236785945,103.774522626293,2026-08-07
225606,2026-08,BUKIT PANJANG,EXECUTIVE,479,SEGAR RD,01 TO 03,125.0,Premium Apartment,2002,75 years 02 months,638888.0,479 SEGAR RD,670479,1.38965198363957,103.772710941574,2026-08-07
225564,2026-08,BUKIT PANJANG,5 ROOM,627,SENJA RD,28 TO 30,110.0,Premium Apartment,2004,77 years 03 months,670000.0,627 SENJA RD,670627,1.38553502172905,103.759378313644,2026-08-07
225532,2026-08,BUKIT PANJANG,5 ROOM,483,SEGAR RD,13 TO 15,110.0,Premium Apartment,2002,75 years 02 months,601000.0,483 SEGAR RD,670483,1.38879725090534,103.772126026054,2026-08-07
225505,2026-08,BUKIT PANJANG,5 ROOM,213,PETIR RD,04 TO 06,122.0,Improved,1988,61 years 03 months,618000.0,213 PETIR RD,670213,1.37440260534692,103.775467370494,2026-08-07
225432,2026-08,BUKIT PANJANG,4 ROOM,618,SENJA RD,01 TO 03,85.0,Model A2,2002,74 years 09 months,510000.0,618 SENJA RD,670618,1.38526615646952,103.761287937355,2026-08-07
224229,2026-08,BUKIT BATOK,4 ROOM,439C,BT BATOK WEST AVE 8,13 TO 15,93.0,Model A,2020,92 years 07 months,720000.0,439C BT BATOK WEST AVE 8,653439,1.35762861295926,103.738857524407,2026-08-07
224228,2026-08,BUKIT BATOK,4 ROOM,441A,BT BATOK WEST AVE 8,13 TO 15,92.0,Model A,2019,91 years 09 months,710000.0,441A BT BATOK WEST AVE 8,651441,1.35610548541132,103.739002965384,2026-08-07
224227,2026-08,BUKIT BATOK,4 ROOM,442C,BT BATOK WEST AVE 8,10 TO 12,92.0,Model A,2019,91 years 08 months,670000.0,442C BT BATOK WEST AVE 8,653442,1.35713364367421,103.737972739621,2026-08-07
222714,2026-08,BEDOK,3 ROOM,74,BEDOK NTH RD,10 TO 12,59.0,Improved,1978,50 years 06 months,346800.0,74 BEDOK NTH RD,460074,1.32751177120151,103.942220384041,2026-08-07
223007,2026-08,BEDOK,4 ROOM,185,BEDOK NTH RD,19 TO 21,92.0,Model A,2005,78 years 05 months,808000.0,185 BEDOK NTH RD,460185,1.32623725322603,103.940827550178,2026-08-07
223006,2026-08,BEDOK,4 ROOM,181,BEDOK NTH RD,07 TO 09,92.0,Model A,2006,78 years 06 months,725000.0,181 BEDOK NTH RD,460181,1.32668601317692,103.941272008827,2026-08-07
222947,2026-08,BEDOK,4 ROOM,508,BEDOK NTH AVE 3,13 TO 15,92.0,New Generation,1978,51 years 04 months,510000.0,508 BEDOK NTH AVE 3,460508,1.33340012199511,103.932519441614,2026-08-07
222932,2026-08,BEDOK,4 ROOM,219D,BEDOK CTRL,13 TO 15,97.0,Model A,2010,82 years 10 months,950000.0,219D BEDOK CTRL,464219,1.32486246741407,103.933792052544,2026-08-07
222836,2026-08,BEDOK,3 ROOM,606,BEDOK RESERVOIR RD,04 TO 06,67.0,New Generation,1982,54 years 10 months,420000.0,606 BEDOK RESERVOIR RD,470606,1.33122227931301,103.913799873642,2026-08-07
222783,2026-08,BEDOK,3 ROOM,554,BEDOK NTH ST 3,10 TO 12,68.0,New Generation,1980,52 years 11 months,415000.0,554 BEDOK NTH ST 3,460554,1.33262715051315,103.928172121608,2026-08-07
222782,2026-08,BEDOK,3 ROOM,545,BEDOK NTH ST 3,10 TO 12,68.0,New Generation,1980,52 years 10 months,398888.0,545 BEDOK NTH ST 3,460545,1.3300514240201,103.924118031423,2026-08-07
222734,2026-08,BEDOK,3 ROOM,420,BEDOK NTH ST 1,07 TO 09,82.0,New Generation,1979,51 years 06 months,513000.0,420 BEDOK NTH ST 1,460420,1.32774467875638,103.928874390405,2026-08-07
222717,2026-08,BEDOK,3 ROOM,116,BEDOK NTH RD,07 TO 09,73.0,New Generation,1978,50 years 10 months,435000.0,116 BEDOK NTH RD,460116,1.33100823526591,103.938066838998,2026-08-07
222716,2026-08,BEDOK,3 ROOM,75,BEDOK NTH RD,07 TO 09,59.0,Improved,1978,50 years 06 months,370000.0,75 BEDOK NTH RD,460075,1.32791477933184,103.942144427101,2026-08-07
222715,2026-08,BEDOK,3 ROOM,124,BEDOK NTH RD,10 TO 12,67.0,New Generation,1978,50 years 10 months,400000.0,124 BEDOK NTH RD,460124,1.32925881944574,103.939046430321,2026-08-07
222657,2026-08,BEDOK,3 ROOM,547A,BEDOK NTH AVE 1,01 TO 03,68.0,Model A,2021,94 years,600000.0,547A BEDOK NTH AVE 1,461547,1.32993851289783,103.926093107187,2026-08-07
223110,2026-08,BEDOK,4 ROOM,718,BEDOK RESERVOIR RD,04 TO 06,104.0,Model A,1984,56 years 06 months,574000.0,718 BEDOK RESERVOIR RD,470718,1.3366305993765,103.92574851611,2026-08-07
222626,2026-08,BEDOK,2 ROOM,620,BEDOK RESERVOIR RD,10 TO 12,45.0,Improved,1986,59 years 01 month,300888.0,620 BEDOK RESERVOIR RD,470620,1.33433432226397,103.917712559288,2026-08-07
222625,2026-08,BEDOK,2 ROOM,618,BEDOK RESERVOIR RD,01 TO 03,45.0,Improved,1986,58 years 08 months,325000.0,618 BEDOK RESERVOIR RD,470618,1.33302040888706,103.917037781105,2026-08-07
222608,2026-08,ANG MO KIO,EXECUTIVE,435,ANG MO KIO AVE 10,07 TO 09,162.0,Adjoined flat,1979,51 years 07 months,1050000.0,435 ANG MO KIO AVE 10,560435,1.36766116325929,103.854307499675,2026-08-07
222539,2026-08,ANG MO KIO,5 ROOM,460,ANG MO KIO AVE 10,22 TO 24,120.0,Improved,1980,52 years 06 months,741888.0,460 ANG MO KIO AVE 10,560460,1.36633947709831,103.859122319513,2026-08-07
222522,2026-08,ANG MO KIO,5 ROOM,306,ANG MO KIO AVE 1,13 TO 15,123.0,Standard,1977,50 years,810000.0,306 ANG MO KIO AVE 1,560306,1.36572552222846,103.845750564626,2026-08-07
222498,2026-08,ANG MO KIO,4 ROOM,455A,ANG MO KIO ST 44,07 TO 09,93.0,Model A,2018,90 years 08 months,930000.0,455A ANG MO KIO ST 44,561455,1.36817376241157,103.857520553516,2026-08-07
222368,2026-08,ANG MO KIO,4 ROOM,470,ANG MO KIO AVE 10,07 TO 09,92.0,New Generation,1979,52 years 04 months,560000.0,470 ANG MO KIO AVE 10,560470,1.36408620030202,103.856692408941,2026-08-07
222342,2026-08,ANG MO KIO,4 ROOM,308B,ANG MO KIO AVE 1,10 TO 12,94.0,Model A,2012,85 years 02 months,925000.0,308B ANG MO KIO AVE 1,562308,1.3652661423815,103.844538059044,2026-08-07
222315,2026-08,ANG MO KIO,3 ROOM,623,ANG MO KIO AVE 9,07 TO 09,82.0,New Generation,1980,53 years 03 months,502888.0,623 ANG MO KIO AVE 9,560623,1.38265184651407,103.840858094028,2026-08-07
222306,2026-08,ANG MO KIO,3 ROOM,720,ANG MO KIO AVE 6,01 TO 03,68.0,New Generation,1980,53 years,450000.0,720 ANG MO KIO AVE 6,560720,1.37180102410534,103.84699031799,2026-08-07
222299,2026-08,ANG MO KIO,3 ROOM,152,ANG MO KIO AVE 5,01 TO 03,68.0,New Generation,1981,53 years 10 months,408888.0,152 ANG MO KIO AVE 5,560152,1.3766876256746,103.840159506601,2026-08-07
223056,2026-08,BEDOK,4 ROOM,747B,BEDOK RESERVOIR CRES,07 TO 09,86.0,DBSS,2014,87 years 02 months,940000.0,747B BEDOK RESERVOIR CRES,472747,1.33666009454076,103.921624733709,2026-08-07
223111,2026-08,BEDOK,4 ROOM,103,BEDOK RESERVOIR RD,10 TO 12,96.0,New Generation,1985,57 years 11 months,599000.0,103 BEDOK RESERVOIR RD,470103,1.32877022232019,103.909381354431,2026-08-07
224226,2026-08,BUKIT BATOK,4 ROOM,172,BT BATOK WEST AVE 8,16 TO 18,103.0,Model A,1985,57 years 10 months,582000.0,172 BT BATOK WEST AVE 8,650172,1.34566903930041,103.740480275142,2026-08-07
223544,2026-08,BISHAN,4 ROOM,455,SIN MING AVE,04 TO 06,103.0,Model A,1990,62 years 07 months,815888.0,455 SIN MING AVE,570455,1.35872842612016,103.830642754421,2026-08-07
224145,2026-08,BUKIT BATOK,4 ROOM,108,BT BATOK WEST AVE 6,07 TO 09,104.0,Model A,1985,57 years 10 months,555000.0,108 BT BATOK WEST AVE 6,650108,1.34744385349941,103.746502064421,2026-08-07
224144,2026-08,BUKIT BATOK,4 ROOM,453A,BT BATOK WEST AVE 6,01 TO 03,93.0,Model A,2019,91 years 08 months,600000.0,453A BT BATOK WEST AVE 6,651453,1.35227488305445,103.742253260513,2026-08-07
224096,2026-08,BUKIT BATOK,4 ROOM,395,BT BATOK WEST AVE 5,10 TO 12,92.0,Model A,2004,77 years 02 months,530000.0,395 BT BATOK WEST AVE 5,650395,1.36631689866947,103.752287629198,2026-08-07
224056,2026-08,BUKIT BATOK,4 ROOM,511,BT BATOK ST 52,01 TO 03,84.0,Simplified,1986,59 years 03 months,420000.0,511 BT BATOK ST 52,650511,1.35272298040763,103.753796440794,2026-08-07
223972,2026-08,BUKIT BATOK,4 ROOM,293D,BT BATOK ST 21,19 TO 21,93.0,Model A,2019,91 years 06 months,768000.0,293D BT BATOK ST 21,654293,1.34502077023724,103.755285866092,2026-08-07
223945,2026-08,BUKIT BATOK,4 ROOM,292B,BT BATOK EAST AVE 6,10 TO 12,93.0,Model A,2019,91 years 06 months,728000.0,292B BT BATOK EAST AVE 6,652292,1.34477953186313,103.753961675829,2026-08-07
223822,2026-08,BUKIT BATOK,3 ROOM,506,BT BATOK ST 52,04 TO 06,69.0,Improved,1987,60 years,415000.0,506 BT BATOK ST 52,650506,1.3522483162653,103.754663779161,2026-08-07
223754,2026-08,BUKIT BATOK,3 ROOM,217,BT BATOK ST 21,04 TO 06,67.0,New Generation,1984,57 years 05 months,370000.0,217 BT BATOK ST 21,650217,1.34673392184416,103.754727840299,2026-08-07
223616,2026-08,BISHAN,EXECUTIVE,192,BISHAN ST 13,22 TO 24,162.0,Maisonette,1987,60 years 01 month,1650000.0,192 BISHAN ST 13,570192,1.34897431725156,103.851306462341,2026-08-07
223589,2026-08,BISHAN,5 ROOM,207,BISHAN ST 23,04 TO 06,137.0,Model A,1992,64 years 10 months,1160000.0,207 BISHAN ST 23,570207,1.35464222026017,103.848183306018,2026-08-07
223581,2026-08,BISHAN,5 ROOM,175,BISHAN ST 13,01 TO 03,121.0,Improved,1987,60 years 02 months,800000.0,175 BISHAN ST 13,570175,1.34896062200566,103.853736013686,2026-08-07
223521,2026-08,BISHAN,4 ROOM,225,BISHAN ST 23,01 TO 03,105.0,Model A,1992,64 years 11 months,738000.0,225 BISHAN ST 23,570225,1.35856894793066,103.847594239245,2026-08-07
223136,2026-08,BEDOK,4 ROOM,773,BEDOK RESERVOIR VIEW,07 TO 09,105.0,Premium Apartment,2000,73 years 05 months,700000.0,773 BEDOK RESERVOIR VIEW,470773,1.33631602180285,103.93745788464,2026-08-07
223520,2026-08,BISHAN,4 ROOM,203,BISHAN ST 23,07 TO 09,103.0,Model A,1992,64 years 10 months,818000.0,203 BISHAN ST 23,570203,1.35453674224831,103.847451973086,2026-08-07
223466,2026-08,BISHAN,4 ROOM,130,BISHAN ST 12,10 TO 12,84.0,Simplified,1986,58 years 07 months,650000.0,130 BISHAN ST 12,570130,1.34590888814549,103.851015987254,2026-08-07
223465,2026-08,BISHAN,4 ROOM,113,BISHAN ST 12,01 TO 03,104.0,Model A,1986,58 years 06 months,730000.0,113 BISHAN ST 12,570113,1.34723185095729,103.848808988875,2026-08-07
223419,2026-08,BISHAN,3 ROOM,311,SHUNFU RD,01 TO 03,67.0,New Generation,1984,57 years 04 months,500000.0,311 SHUNFU RD,570311,1.35088220305116,103.839339699004,2026-08-07
223398,2026-08,BISHAN,3 ROOM,129,BISHAN ST 12,04 TO 06,64.0,Simplified,1987,59 years 07 months,507000.0,129 BISHAN ST 12,570129,1.3456922669362,103.850399346338,2026-08-07
223380,2026-08,BEDOK,EXECUTIVE,634,BEDOK RESERVOIR RD,16 TO 18,145.0,Apartment,1993,65 years 10 months,1075000.0,634 BEDOK RESERVOIR RD,410634,1.33016740105574,103.904849291949,2026-08-07
223304,2026-08,BEDOK,5 ROOM,765,BEDOK RESERVOIR VIEW,16 TO 18,115.0,Premium Apartment,2000,73 years 05 months,881888.0,765 BEDOK RESERVOIR VIEW,470765,1.33596106828604,103.935990113555,2026-08-07
223303,2026-08,BEDOK,5 ROOM,766,BEDOK RESERVOIR VIEW,01 TO 03,115.0,Premium Apartment,2000,73 years 05 months,740000.0,766 BEDOK RESERVOIR VIEW,470766,1.33599899207348,103.936274523658,2026-08-07
223194,2026-08,BEDOK,4 ROOM,154B,BEDOK STH RD,13 TO 15,93.0,Model A,2022,94 years 06 months,1020000.0,154B BEDOK STH RD,462154,1.31772321409025,103.946902226539,2026-08-07
223154,2026-08,BEDOK,4 ROOM,156,BEDOK STH AVE 3,04 TO 06,84.0,Simplified,1985,58 years 05 months,580000.0,156 BEDOK STH AVE 3,460156,1.31828663769919,103.945481750941,2026-08-07
223137,2026-08,BEDOK,4 ROOM,765,BEDOK RESERVOIR VIEW,16 TO 18,105.0,Premium Apartment,2000,73 years 05 months,848000.0,765 BEDOK RESERVOIR VIEW,470765,1.33596106828604,103.935990113555,2026-08-07
226258,2026-08,CHOA CHU KANG,5 ROOM,220,CHOA CHU KANG CTRL,07 TO 09,122.0,Improved,1990,62 years 08 months,698888.0,220 CHOA CHU KANG CTRL,680220,1.38193301079554,103.745580988412,2026-08-07
226145,2026-08,CHOA CHU KANG,5 ROOM,807C,CHOA CHU KANG AVE 1,10 TO 12,112.0,Improved,2017,89 years 09 months,748888.0,807C CHOA CHU KANG AVE 1,683807,1.37615600248366,103.745821319559,2026-08-07
226269,2026-08,CHOA CHU KANG,5 ROOM,343,CHOA CHU KANG LOOP,10 TO 12,126.0,Improved,1993,65 years 11 months,800000.0,343 CHOA CHU KANG LOOP,680343,1.38341750127746,103.745686287938,2026-08-07
228904,2026-08,JURONG WEST,5 ROOM,664C,JURONG WEST ST 64,13 TO 15,110.0,Improved,2000,73 years 01 month,710000.0,664C JURONG WEST ST 64,643664,1.33821125273272,103.703155643642,2026-08-07
229249,2026-08,KALLANG/WHAMPOA,3 ROOM,5,ST. GEORGE'S LANE,07 TO 09,68.0,New Generation,1981,53 years 11 months,440000.0,5 ST. GEORGE'S LANE,320005,1.32318991590206,103.859696970213,2026-08-07
229150,2026-08,KALLANG/WHAMPOA,3 ROOM,24,BENDEMEER RD,10 TO 12,68.0,Improved,1972,44 years 06 months,420000.0,24 BENDEMEER RD,330024,1.31862347782977,103.862324355167,2026-08-07
229149,2026-08,KALLANG/WHAMPOA,3 ROOM,38B,BENDEMEER RD,07 TO 09,69.0,Model A,2012,84 years 10 months,700000.0,38B BENDEMEER RD,332038,1.32053258273429,103.866795494049,2026-08-07
229119,2026-08,KALLANG/WHAMPOA,2 ROOM,805,KING GEORGE'S AVE,13 TO 15,44.0,Improved,1981,54 years 01 month,365000.0,805 KING GEORGE'S AVE,200805,1.30827255462741,103.860900682485,2026-08-07
229098,2026-08,JURONG WEST,EXECUTIVE,842,JURONG WEST ST 81,13 TO 15,147.0,Apartment,1993,65 years 11 months,720000.0,842 JURONG WEST ST 81,640842,1.34447854576509,103.69347882991,2026-08-07
229072,2026-08,JURONG WEST,EXECUTIVE,656D,JURONG WEST ST 61,10 TO 12,132.0,Apartment,2002,74 years 08 months,763000.0,656D JURONG WEST ST 61,644656,1.33552096658048,103.699826927899,2026-08-07
229044,2026-08,JURONG WEST,EXECUTIVE,719,JURONG WEST AVE 5,01 TO 03,146.0,Maisonette,1992,65 years 02 months,728000.0,719 JURONG WEST AVE 5,640719,1.3445367697679,103.696986199669,2026-08-07
228996,2026-08,JURONG WEST,5 ROOM,953,JURONG WEST ST 91,04 TO 06,122.0,Improved,1989,61 years 11 months,570000.0,953 JURONG WEST ST 91,640953,1.34234942956379,103.690874115788,2026-08-07
228964,2026-08,JURONG WEST,5 ROOM,765,JURONG WEST ST 74,01 TO 03,126.0,Improved,1996,68 years 11 months,635000.0,765 JURONG WEST ST 74,640765,1.35008225208999,103.69839455351,2026-08-07
228945,2026-08,JURONG WEST,5 ROOM,663D,JURONG WEST ST 65,04 TO 06,110.0,Improved,2000,73 years,648888.0,663D JURONG WEST ST 65,644663,1.33884440739716,103.702339448465,2026-08-07
228905,2026-08,JURONG WEST,5 ROOM,678A,JURONG WEST ST 64,13 TO 15,110.0,Premium Apartment,2008,81 years,628000.0,678A JURONG WEST ST 64,641678,1.34508009611217,103.704400730049,2026-08-07
228874,2026-08,JURONG WEST,5 ROOM,641,JURONG WEST ST 61,04 TO 06,120.0,Improved,1998,71 years,618000.0,641 JURONG WEST ST 61,640641,1.34066811398303,103.696356784294,2026-08-07
229335,2026-08,KALLANG/WHAMPOA,4 ROOM,8,BOON KENG RD,22 TO 24,94.0,DBSS,2011,83 years 06 months,1230000.0,8 BOON KENG RD,330008,1.31642489627751,103.861501638313,2026-08-07
228873,2026-08,JURONG WEST,5 ROOM,653A,JURONG WEST ST 61,01 TO 03,111.0,Improved,2002,75 years 03 months,580000.0,653A JURONG WEST ST 61,641653,1.3368913768574,103.696638809163,2026-08-07
228709,2026-08,JURONG WEST,4 ROOM,977,JURONG WEST ST 93,01 TO 03,104.0,Model A,1989,61 years 09 months,480000.0,977 JURONG WEST ST 93,640977,1.33969365989339,103.693915380547,2026-08-07
228684,2026-08,JURONG WEST,4 ROOM,946,JURONG WEST ST 91,04 TO 06,105.0,Model A,1989,62 years,500000.0,946 JURONG WEST ST 91,640946,1.34420009942757,103.69045184945,2026-08-07
228661,2026-08,JURONG WEST,4 ROOM,826,JURONG WEST ST 81,04 TO 06,104.0,Model A,1990,62 years 09 months,475000.0,826 JURONG WEST ST 81,640826,1.34604529493384,103.694423564846,2026-08-07
228605,2026-08,JURONG WEST,4 ROOM,657A,JURONG WEST ST 65,13 TO 15,91.0,Model A,2002,74 years 09 months,555000.0,657A JURONG WEST ST 65,641657,1.33541318020516,103.700289313311,2026-08-07
228452,2026-08,JURONG WEST,4 ROOM,541,JURONG WEST AVE 1,04 TO 06,103.0,Model A,1984,57 years 04 months,500000.0,541 JURONG WEST AVE 1,640541,1.35104299843383,103.715983002516,2026-08-07
228412,2026-08,JURONG WEST,4 ROOM,217B,BOON LAY AVE,07 TO 09,94.0,Model A,2018,91 years,660000.0,217B BOON LAY AVE,642217,1.34972661567521,103.710830462207,2026-08-07
228365,2026-08,JURONG WEST,3 ROOM,939,JURONG WEST ST 91,01 TO 03,73.0,Model A,1989,61 years 08 months,393000.0,939 JURONG WEST ST 91,640939,1.34295232797122,103.689028795017,2026-08-07
228354,2026-08,JURONG WEST,3 ROOM,527,JURONG WEST ST 52,01 TO 03,67.0,New Generation,1983,56 years 01 month,370000.0,527 JURONG WEST ST 52,640527,1.34788417193502,103.716417389865,2026-08-07
228322,2026-08,JURONG WEST,3 ROOM,475,JURONG WEST ST 41,10 TO 12,73.0,Model A,1984,57 years 01 month,415000.0,475 JURONG WEST ST 41,640475,1.34809804107273,103.725087226378,2026-08-07
228282,2026-08,JURONG WEST,3 ROOM,120,HO CHING RD,07 TO 09,67.0,Improved,1972,44 years 06 months,300000.0,120 HO CHING RD,610120,1.33540764836183,103.724260953568,2026-08-07
229278,2026-08,KALLANG/WHAMPOA,3 ROOM,12,UPP BOON KENG RD,07 TO 09,66.0,Improved,1980,53 years 03 months,460888.0,12 UPP BOON KENG RD,380012,1.31423066306718,103.870061147604,2026-08-07
229341,2026-08,KALLANG/WHAMPOA,4 ROOM,43,CAMBRIDGE RD,04 TO 06,91.0,New Generation,1982,54 years 11 months,610000.0,43 CAMBRIDGE RD,210043,1.31536302699791,103.849434501824,2026-08-07
228225,2026-08,JURONG WEST,3 ROOM,187,BOON LAY AVE,13 TO 15,59.0,Improved,1978,51 years,316088.0,187 BOON LAY AVE,640187,1.34505773588933,103.710699802755,2026-08-07
229639,2026-08,PASIR RIS,3 ROOM,530A,PASIR RIS DR 1,04 TO 06,65.0,DBSS,2015,87 years 10 months,608000.0,530A PASIR RIS DR 1,511530,1.37114053931458,103.949850548422,2026-08-07
230142,2026-08,PUNGGOL,2 ROOM,421C,NORTHSHORE DR,10 TO 12,47.0,2-room,2021,94 years 03 months,455000.0,421C NORTHSHORE DR,823421,1.41921326140541,103.905299855658,2026-08-07
230141,2026-08,PUNGGOL,2 ROOM,419C,NORTHSHORE DR,13 TO 15,38.0,2-room,2022,94 years 06 months,388000.0,419C NORTHSHORE DR,823419,1.41830121804059,103.90257297467,2026-08-07
230068,2026-08,PASIR RIS,EXECUTIVE,466,PASIR RIS ST 41,01 TO 03,148.0,Maisonette,1992,65 years 05 months,925888.0,466 PASIR RIS ST 41,510466,1.37315409877617,103.958128748489,2026-08-07
229982,2026-08,PASIR RIS,5 ROOM,745,PASIR RIS ST 71,04 TO 06,125.0,Improved,1996,69 years 02 months,735000.0,745 PASIR RIS ST 71,510745,1.37836876146817,103.935588205501,2026-08-07
229944,2026-08,PASIR RIS,5 ROOM,554,PASIR RIS ST 51,01 TO 03,121.0,Improved,1992,65 years 05 months,710000.0,554 PASIR RIS ST 51,510554,1.36821459742728,103.953145772884,2026-08-07
229843,2026-08,PASIR RIS,4 ROOM,776,PASIR RIS ST 71,04 TO 06,105.0,Model A,1996,69 years 03 months,610000.0,776 PASIR RIS ST 71,510776,1.37461117497015,103.937175821555,2026-08-07
229812,2026-08,PASIR RIS,4 ROOM,572,PASIR RIS ST 53,10 TO 12,113.0,Model A,1995,68 years 03 months,735000.0,572 PASIR RIS ST 53,510572,1.37352014045406,103.945615490863,2026-08-07
229805,2026-08,PASIR RIS,4 ROOM,519,PASIR RIS ST 52,10 TO 12,106.0,Model A,1993,66 years 05 months,680000.0,519 PASIR RIS ST 52,510519,1.37406306521206,103.945122178511,2026-08-07
229796,2026-08,PASIR RIS,4 ROOM,524A,PASIR RIS ST 51,10 TO 12,93.0,Model A,2015,88 years,790088.0,524A PASIR RIS ST 51,511524,1.37127969347365,103.94771493702,2026-08-07
229795,2026-08,PASIR RIS,4 ROOM,526D,PASIR RIS ST 51,10 TO 12,93.0,Model A,2015,88 years,778000.0,526D PASIR RIS ST 51,514526,1.36866830502329,103.947274003279,2026-08-07
229732,2026-08,PASIR RIS,4 ROOM,412,PASIR RIS DR 6,10 TO 12,113.0,Model A,1989,62 years 03 months,650000.0,412 PASIR RIS DR 6,510412,1.37338314330641,103.955097085831,2026-08-07
229628,2026-08,MARINE PARADE,5 ROOM,12,MARINE TER,16 TO 18,117.0,Standard,1975,47 years 06 months,900000.0,12 MARINE TER,440012,1.30460708550376,103.915739855584,2026-08-07
229364,2026-08,KALLANG/WHAMPOA,4 ROOM,102,JLN RAJAH,10 TO 12,94.0,New Generation,1981,53 years 07 months,568888.0,102 JLN RAJAH,321102,1.32822306444761,103.851519753845,2026-08-07
229598,2026-08,MARINE PARADE,4 ROOM,74,MARINE DR,01 TO 03,82.0,Improved,1976,48 years 11 months,630000.0,74 MARINE DR,440074,1.30370518822061,103.907213592718,2026-08-07
229573,2026-08,MARINE PARADE,3 ROOM,66,MARINE DR,13 TO 15,65.0,Improved,1976,48 years 08 months,418000.0,66 MARINE DR,440066,1.30391193028103,103.909740471499,2026-08-07
229539,2026-08,KALLANG/WHAMPOA,5 ROOM,104,WHAMPOA DR,10 TO 12,122.0,Improved,1998,71 years 03 months,984888.0,104 WHAMPOA DR,323104,1.3207995912383,103.853327785421,2026-08-07
229508,2026-08,KALLANG/WHAMPOA,5 ROOM,102,JLN DUSUN,04 TO 06,118.0,Improved,1981,54 years 05 months,700000.0,102 JLN DUSUN,320102,1.3278687431847,103.844209602863,2026-08-07
229491,2026-08,KALLANG/WHAMPOA,5 ROOM,48,DORSET RD,16 TO 18,119.0,Standard,1976,49 years,807000.0,48 DORSET RD,210048,1.31424121019586,103.850622812848,2026-08-07
229488,2026-08,KALLANG/WHAMPOA,5 ROOM,5,BOON KENG RD,07 TO 09,124.0,Improved,1996,69 years 02 months,980000.0,5 BOON KENG RD,330005,1.31629995826281,103.860397463054,2026-08-07
229467,2026-08,KALLANG/WHAMPOA,4 ROOM,15,UPP BOON KENG RD,13 TO 15,88.0,Improved,1975,47 years 07 months,571880.0,15 UPP BOON KENG RD,380015,1.3158732490877,103.871296185183,2026-08-07
229446,2026-08,KALLANG/WHAMPOA,4 ROOM,107,TOWNER RD,22 TO 24,105.0,Model A,1983,55 years 11 months,888000.0,107 TOWNER RD,321107,1.31979508625986,103.860435814245,2026-08-07
229434,2026-08,KALLANG/WHAMPOA,4 ROOM,26B,ST. GEORGE'S LANE,10 TO 12,92.0,Model A,2020,92 years 10 months,1080000.0,26B ST. GEORGE'S LANE,322026,1.32166862124903,103.862717909816,2026-08-07
229409,2026-08,KALLANG/WHAMPOA,4 ROOM,124,MCNAIR RD,07 TO 09,95.0,Simplified,1987,59 years 11 months,720000.0,124 MCNAIR RD,320124,1.31834857200372,103.8560612412,2026-08-07
229381,2026-08,KALLANG/WHAMPOA,4 ROOM,78,LOR LIMAU,13 TO 15,93.0,Model A,2018,91 years,900000.0,78 LOR LIMAU,320078,1.32487617789478,103.855541044499,2026-08-07
228237,2026-08,JURONG WEST,3 ROOM,197B,BOON LAY DR,13 TO 15,68.0,Model A,2015,87 years 09 months,520000.0,197B BOON LAY DR,642197,1.3437815486012,103.713531362621,2026-08-07
228411,2026-08,JURONG WEST,4 ROOM,183C,BOON LAY AVE,16 TO 18,92.0,Model A,2015,87 years 06 months,665000.0,183C BOON LAY AVE,643183,1.34865680572114,103.709097367424,2026-08-07
228224,2026-08,JURONG WEST,3 ROOM,186,BOON LAY AVE,16 TO 18,59.0,Improved,1975,48 years 03 months,315000.0,186 BOON LAY AVE,640186,1.34572728320792,103.711027373165,2026-08-07
227358,2026-08,HOUGANG,4 ROOM,980C,BUANGKOK CRES,07 TO 09,85.0,Model A2,2003,75 years 10 months,535000.0,980C BUANGKOK CRES,533980,1.38003179108977,103.880971331232,2026-08-07
227287,2026-08,HOUGANG,3 ROOM,623,HOUGANG AVE 8,04 TO 06,60.0,Improved,1985,58 years,390000.0,623 HOUGANG AVE 8,530623,1.37051387277512,103.882323502346,2026-08-07
227165,2026-08,HOUGANG,3 ROOM,995A,BUANGKOK CRES,13 TO 15,68.0,Model A,2019,92 years 02 months,540000.0,995A BUANGKOK CRES,531995,1.38653819652798,103.882403903763,2026-08-07
227098,2026-08,GEYLANG,5 ROOM,36,EUNOS CRES,04 TO 06,110.0,Improved,2006,79 years 05 months,1065888.0,36 EUNOS CRES,400036,1.32117164370394,103.901772831996,2026-08-07
226983,2026-08,GEYLANG,4 ROOM,18C,CIRCUIT RD,04 TO 06,93.0,Model A,2016,89 years 04 months,930000.0,18C CIRCUIT RD,373018,1.3292969092972,103.888792588332,2026-08-07
228189,2026-08,JURONG EAST,EXECUTIVE,286B,TOH GUAN RD,04 TO 06,144.0,Apartment,1998,71 years 05 months,1000888.0,286B TOH GUAN RD,602286,1.33857782933995,103.745137980175,2026-08-07
226932,2026-08,GEYLANG,3 ROOM,63,SIMS PL,13 TO 15,68.0,Model A,2016,89 years 05 months,718000.0,63 SIMS PL,380063,1.31659507864197,103.879545641729,2026-08-07
226895,2026-08,GEYLANG,3 ROOM,9,HAIG RD,04 TO 06,59.0,Improved,1976,49 years,375000.0,9 HAIG RD,430009,1.31443381495978,103.896061149264,2026-08-07
226853,2026-08,GEYLANG,3 ROOM,40,CIRCUIT RD,04 TO 06,57.0,Standard,1971,43 years 07 months,320000.0,40 CIRCUIT RD,370040,1.32767695905654,103.886264654446,2026-08-07
226775,2026-08,GEYLANG,3 ROOM,52,CASSIA CRES,04 TO 06,62.0,Model A,2018,90 years 06 months,713888.0,52 CASSIA CRES,390052,1.31067221805457,103.88503171279,2026-08-07
226765,2026-08,GEYLANG,3 ROOM,20,BALAM RD,07 TO 09,60.3,Standard,1967,39 years 06 months,315000.0,20 BALAM RD,370020,1.33083095249698,103.887507765547,2026-08-07
226750,2026-08,GEYLANG,3 ROOM,101,ALJUNIED CRES,10 TO 12,82.0,New Generation,1978,50 years 06 months,450000.0,101 ALJUNIED CRES,380101,1.32092275330579,103.883351967045,2026-08-07
226722,2026-08,GEYLANG,2 ROOM,96,ALJUNIED CRES,04 TO 06,45.0,Improved,1979,51 years 06 months,278000.0,96 ALJUNIED CRES,380096,1.32165649786917,103.885423356978,2026-08-07
226713,2026-08,CLEMENTI,5 ROOM,724,CLEMENTI WEST ST 2,13 TO 15,118.0,Improved,1981,53 years 06 months,790000.0,724 CLEMENTI WEST ST 2,120724,1.30360871033936,103.763359143047,2026-08-07
226668,2026-08,CLEMENTI,4 ROOM,512,WEST COAST DR,10 TO 12,92.0,New Generation,1978,50 years 06 months,472000.0,512 WEST COAST DR,120512,1.30995900089387,103.760210268491,2026-08-07
226655,2026-08,CLEMENTI,4 ROOM,609,CLEMENTI WEST ST 1,04 TO 06,92.0,New Generation,1979,52 years 04 months,505000.0,609 CLEMENTI WEST ST 1,120609,1.30409242562108,103.765522148085,2026-08-07
226647,2026-08,CLEMENTI,4 ROOM,205,CLEMENTI AVE 6,04 TO 06,92.0,New Generation,1984,57 years 04 months,541000.0,205 CLEMENTI AVE 6,120205,1.3210599628039,103.762434749863,2026-08-07
226638,2026-08,CLEMENTI,4 ROOM,381,CLEMENTI AVE 5,07 TO 09,91.0,New Generation,1981,54 years 01 month,570000.0,381 CLEMENTI AVE 5,120381,1.3185553480936,103.768028348058,2026-08-07
226632,2026-08,CLEMENTI,4 ROOM,306,CLEMENTI AVE 4,07 TO 09,92.0,New Generation,1979,51 years 09 months,548888.0,306 CLEMENTI AVE 4,120306,1.32143826057396,103.765901268051,2026-08-07
226601,2026-08,CLEMENTI,4 ROOM,432,CLEMENTI AVE 3,07 TO 09,91.0,New Generation,1978,51 years 05 months,620000.0,432 CLEMENTI AVE 3,120432,1.31402057628905,103.762740587497,2026-08-07
226556,2026-08,CLEMENTI,4 ROOM,424,CLEMENTI AVE 1,10 TO 12,100.0,Model A,2013,86 years 02 months,920000.0,424 CLEMENTI AVE 1,120424,1.30954013201631,103.770500847759,2026-08-07
226478,2026-08,CLEMENTI,3 ROOM,311B,CLEMENTI AVE 4,40 TO 42,60.0,DBSS,2014,87 years 05 months,730000.0,311B CLEMENTI AVE 4,122311,1.31944669077178,103.765649446368,2026-08-07
226391,2026-08,CHOA CHU KANG,EXECUTIVE,604,CHOA CHU KANG ST 62,01 TO 03,146.0,Maisonette,1996,68 years 06 months,820000.0,604 CHOA CHU KANG ST 62,680604,1.39817542038448,103.744673993982,2026-08-07
226335,2026-08,CHOA CHU KANG,5 ROOM,816B,KEAT HONG LINK,13 TO 15,112.0,Improved,2017,90 years 02 months,775000.0,816B KEAT HONG LINK,682816,1.37604113515339,103.748460043787,2026-08-07
226309,2026-08,CHOA CHU KANG,5 ROOM,611,CHOA CHU KANG ST 62,01 TO 03,127.0,Improved,1996,68 years 11 months,639999.0,611 CHOA CHU KANG ST 62,680611,1.39974204768206,103.743861775626,2026-08-07
226287,2026-08,CHOA CHU KANG,5 ROOM,503,CHOA CHU KANG ST 51,13 TO 15,128.0,Improved,1995,67 years 07 months,650000.0,503 CHOA CHU KANG ST 51,680503,1.38830517444057,103.742322678004,2026-08-07
227315,2026-08,HOUGANG,3 ROOM,475D,UPP SERANGOON CRES,16 TO 18,67.0,DBSS,2014,87 years 04 months,640888.0,475D UPP SERANGOON CRES,537475,1.37518254401411,103.900405982824,2026-08-07
226982,2026-08,GEYLANG,4 ROOM,18B,CIRCUIT RD,10 TO 12,93.0,Model A,2016,89 years 04 months,1010000.0,18B CIRCUIT RD,372018,1.32918105126141,103.888248441219,2026-08-07
227359,2026-08,HOUGANG,4 ROOM,998A,BUANGKOK CRES,13 TO 15,94.0,Model A,2019,92 years 05 months,720000.0,998A BUANGKOK CRES,531998,1.38375782968293,103.880172193688,2026-08-07
227786,2026-08,HOUGANG,5 ROOM,570,HOUGANG ST 51,04 TO 06,117.0,Improved,1997,69 years 10 months,710000.0,570 HOUGANG ST 51,530570,1.37796504160946,103.888219983131,2026-08-07
228020,2026-08,JURONG EAST,3 ROOM,44,TEBAN GDNS RD,10 TO 12,68.0,New Generation,1985,58 years 04 months,380000.0,44 TEBAN GDNS RD,600044,1.32075391757793,103.741600208874,2026-08-07
228048,2026-08,JURONG EAST,4 ROOM,319,JURONG EAST ST 31,07 TO 09,107.0,Model A,1984,57 years,520000.0,319 JURONG EAST ST 31,600319,1.34798942321199,103.7304582035,2026-08-07
227970,2026-08,JURONG EAST,3 ROOM,244,JURONG EAST ST 24,07 TO 09,71.0,New Generation,1983,55 years 09 months,375000.0,244 JURONG EAST ST 24,600244,1.34263187196449,103.742133807093,2026-08-07
227941,2026-08,JURONG EAST,3 ROOM,210,JURONG EAST ST 21,07 TO 09,67.0,New Generation,1983,56 years,400000.0,210 JURONG EAST ST 21,600210,1.33889493784685,103.73855509854,2026-08-07
227372,2026-08,HOUGANG,4 ROOM,987A,BUANGKOK GREEN,01 TO 03,92.0,Model A,2015,87 years 07 months,585000.0,987A BUANGKOK GREEN,531987,1.37988778365709,103.878384864309,2026-08-07
227870,2026-08,HOUGANG,EXECUTIVE,221,HOUGANG ST 21,07 TO 09,150.0,Maisonette,1992,65 years 03 months,1228000.0,221 HOUGANG ST 21,530221,1.35660452934466,103.883650622241,2026-08-07
227842,2026-08,HOUGANG,EXECUTIVE,533,HOUGANG AVE 6,07 TO 09,145.0,Maisonette,1988,60 years 09 months,1060000.0,533 HOUGANG AVE 6,530533,1.37583341032049,103.891885076183,2026-08-07
227815,2026-08,HOUGANG,5 ROOM,470C,UPP SERANGOON CRES,07 TO 09,112.0,Improved,2015,87 years 10 months,880000.0,470C UPP SERANGOON CRES,533470,1.37846690134357,103.900804189301,2026-08-07
228019,2026-08,JURONG EAST,3 ROOM,37,TEBAN GDNS RD,01 TO 03,67.0,Improved,1966,39 years 04 months,320000.0,37 TEBAN GDNS RD,600037,1.32053143645806,103.742652199249,2026-08-07
227995,2026-08,JURONG EAST,3 ROOM,372,JURONG EAST ST 32,01 TO 03,64.0,Model A,2014,86 years 07 months,470000.0,372 JURONG EAST ST 32,600372,1.34865823382569,103.731789499274,2026-08-07
227766,2026-08,HOUGANG,5 ROOM,231,HOUGANG ST 21,07 TO 09,140.0,Model A-Maisonette,1984,57 years 02 months,1040000.0,231 HOUGANG ST 21,530231,1.35813059742215,103.887899973852,2026-08-07
227718,2026-08,HOUGANG,5 ROOM,249,HOUGANG AVE 3,07 TO 09,121.0,Improved,1985,57 years 06 months,688000.0,249 HOUGANG AVE 3,530249,1.35961214567102,103.891908245303,2026-08-07
227703,2026-08,HOUGANG,5 ROOM,230,HOUGANG AVE 1,07 TO 09,142.0,Model A-Maisonette,1984,57 years 05 months,1040000.0,230 HOUGANG AVE 1,530230,1.358899944034,103.888345777377,2026-08-07
227692,2026-08,HOUGANG,5 ROOM,997A,BUANGKOK CRES,10 TO 12,113.0,Improved,2018,91 years 04 months,798000.0,997A BUANGKOK CRES,531997,1.38504599856502,103.881166649447,2026-08-07
227588,2026-08,HOUGANG,4 ROOM,535,HOUGANG ST 52,07 TO 09,104.0,Model A,1992,65 years 03 months,640000.0,535 HOUGANG ST 52,530535,1.37644174470675,103.890133774852,2026-08-07
227454,2026-08,HOUGANG,4 ROOM,919,HOUGANG AVE 4,13 TO 15,100.0,Model A,1998,71 years,640000.0,919 HOUGANG AVE 4,530919,1.3759986435899,103.884121407611,2026-08-07
227453,2026-08,HOUGANG,4 ROOM,661,HOUGANG AVE 4,04 TO 06,104.0,Model A,1987,59 years 09 months,535000.0,661 HOUGANG AVE 4,530661,1.37402568701988,103.882804051972,2026-08-07
227446,2026-08,HOUGANG,4 ROOM,254,HOUGANG AVE 3,01 TO 03,91.0,New Generation,1984,57 years 01 month,530000.0,254 HOUGANG AVE 3,530254,1.36030661772127,103.891453683047,2026-08-07
222176,2026-08,ANG MO KIO,3 ROOM,421,ANG MO KIO AVE 10,07 TO 09,74.0,New Generation,1979,52 years 01 month,452000.0,421 ANG MO KIO AVE 10,560421,1.36538422642267,103.852966961527,2026-08-05
222230,2026-08,ANG MO KIO,3 ROOM,129,ANG MO KIO AVE 3,01 TO 03,73.0,New Generation,1979,51 years 06 months,398888.0,129 ANG MO KIO AVE 3,560129,1.36989498895756,103.842059049722,2026-08-05
222231,2026-08,ANG MO KIO,3 ROOM,346,ANG MO KIO AVE 3,10 TO 12,73.0,New Generation,1978,50 years 09 months,460000.0,346 ANG MO KIO AVE 3,560346,1.36709586875167,103.84966230288,2026-08-05
222175,2026-08,ANG MO KIO,3 ROOM,473,ANG MO KIO AVE 10,10 TO 12,67.0,New Generation,1984,57 years,450000.0,473 ANG MO KIO AVE 10,560473,1.36305380914637,103.856846002568,2026-08-05
222297,2026-08,ANG MO KIO,3 ROOM,503,ANG MO KIO AVE 5,04 TO 06,68.0,New Generation,1981,53 years 06 months,411000.0,503 ANG MO KIO AVE 5,560503,1.37546163119278,103.848942047568,2026-08-05
222298,2026-08,ANG MO KIO,3 ROOM,538,ANG MO KIO AVE 5,04 TO 06,68.0,New Generation,1980,52 years 07 months,388000.0,538 ANG MO KIO AVE 5,560538,1.37559336678106,103.853347801104,2026-08-05
222177,2026-08,ANG MO KIO,3 ROOM,444,ANG MO KIO AVE 10,07 TO 09,67.0,New Generation,1979,52 years 01 month,367888.0,444 ANG MO KIO AVE 10,560444,1.36660045321147,103.855578790668,2026-08-05
229743,2026-08,PASIR RIS,4 ROOM,122,PASIR RIS ST 11,10 TO 12,104.0,Model A,1989,61 years 11 months,610000.0,122 PASIR RIS ST 11,510122,1.36652833508957,103.954404987572,2026-08-05
222113,2026-08,ANG MO KIO,3 ROOM,319,ANG MO KIO AVE 1,04 TO 06,73.0,New Generation,1977,49 years 10 months,430000.0,319 ANG MO KIO AVE 1,560319,1.36511023350774,103.847379037914,2026-08-05
226257,2026-08,CHOA CHU KANG,5 ROOM,234,CHOA CHU KANG CTRL,04 TO 06,122.0,Improved,1989,61 years 09 months,600000.0,234 CHOA CHU KANG CTRL,680234,1.3802069557625,103.748137630209,2026-08-05
235413,2026-08,WOODLANDS,3 ROOM,158,WOODLANDS ST 13,04 TO 06,73.0,Model A,1990,62 years 11 months,427500.0,158 WOODLANDS ST 13,730158,1.43403215729146,103.77477997616,2026-08-05
230551,2026-08,PUNGGOL,4 ROOM,617D,PUNGGOL DR,01 TO 03,93.0,Premium Apartment,2013,86 years 02 months,632000.0,617D PUNGGOL DR,824617,1.40161428921505,103.912807967947,2026-08-05
224043,2026-08,BUKIT BATOK,4 ROOM,350,BT BATOK ST 34,07 TO 09,84.0,Simplified,1987,59 years 06 months,500000.0,350 BT BATOK ST 34,650350,1.36143858458969,103.749152507272,2026-08-05
227832,2026-08,HOUGANG,EXECUTIVE,407,HOUGANG AVE 10,10 TO 12,156.0,Maisonette,1986,59 years 02 months,1045000.0,407 HOUGANG AVE 10,530407,1.3729650974742,103.895673302556,2026-08-05
224770,2026-08,BUKIT MERAH,4 ROOM,8B,BOON TIONG RD,10 TO 12,100.0,Model A,2005,78 years 03 months,1180000.0,8B BOON TIONG RD,165008,1.2870169493471,103.830303346649,2026-08-05
236735,2026-08,YISHUN,3 ROOM,852,YISHUN ST 81,01 TO 03,74.0,Model A,1988,60 years 09 months,440000.0,852 YISHUN ST 81,760852,1.41605960153323,103.836795807043,2026-08-05
227777,2026-08,HOUGANG,5 ROOM,377A,HOUGANG ST 32,13 TO 15,114.0,Improved,2021,94 years 01 month,1108888.0,377A HOUGANG ST 32,531377,1.3630200986731,103.894665312237,2026-08-05
226896,2026-08,GEYLANG,3 ROOM,4,HAIG RD,10 TO 12,65.0,Improved,1976,49 years,409000.0,4 HAIG RD,430004,1.31210124370815,103.897187082666,2026-08-05
222112,2026-08,ANG MO KIO,3 ROOM,333,ANG MO KIO AVE 1,07 TO 09,68.0,New Generation,1981,53 years 06 months,408000.0,333 ANG MO KIO AVE 1,560333,1.3613425564061,103.851698621454,2026-08-05
